nome,url,estrelas,created_at,releases
JavaGuide,https://github.com/Snailclimb/JavaGuide,154489,2018-05-07T13:27:00Z,0
hello-algo,https://github.com/krahets/hello-algo,124039,2022-11-04T11:08:34Z,10
GitHub-Chinese-Top-Charts,https://github.com/GrowingGit/GitHub-Chinese-Top-Charts,107111,2019-09-05T03:01:56Z,0
java-design-patterns,https://github.com/iluwatar/java-design-patterns,93837,2014-08-09T16:45:18Z,0
mall,https://github.com/macrozheng/mall,83249,2018-04-04T01:11:44Z,3
spring-boot,https://github.com/spring-projects/spring-boot,80311,2012-10-19T15:02:57Z,345
advanced-java,https://github.com/doocs/advanced-java,78915,2018-10-06T11:38:30Z,1
LeetCodeAnimation,https://github.com/MisterBooo/LeetCodeAnimation,76704,2018-12-06T08:01:22Z,0
elasticsearch,https://github.com/elastic/elasticsearch,76399,2010-02-08T13:20:56Z,238
ghidra,https://github.com/NationalSecurityAgency/ghidra,66192,2019-03-01T03:27:48Z,52
Java,https://github.com/TheAlgorithms/Java,65281,2016-07-16T10:21:02Z,0
interviews,https://github.com/kdn251/interviews,64936,2017-02-14T18:19:25Z,0
spring-framework,https://github.com/spring-projects/spring-framework,59784,2010-12-08T04:04:45Z,359
termux-app,https://github.com/termux/termux-app,52516,2015-10-23T09:42:46Z,95
guava,https://github.com/google/guava,51506,2014-05-29T16:23:17Z,57
dbeaver,https://github.com/dbeaver/dbeaver,49295,2015-10-21T08:26:28Z,244
RxJava,https://github.com/ReactiveX/RxJava,48466,2013-01-08T20:11:48Z,257
jadx,https://github.com/skylot/jadx,47803,2013-03-18T17:08:21Z,34
JeecgBoot,https://github.com/jeecgboot/JeecgBoot,45576,2018-11-26T10:40:00Z,70
dubbo,https://github.com/apache/dubbo,41711,2012-06-19T07:56:02Z,113
MPAndroidChart,https://github.com/PhilJay/MPAndroidChart,38228,2014-04-25T14:29:47Z,44
halo,https://github.com/halo-dev/halo,38150,2018-03-21T12:56:52Z,253
NewPipe,https://github.com/TeamNewPipe/NewPipe,37664,2015-09-03T23:39:26Z,141
tutorials,https://github.com/eugenp/tutorials,37350,2013-04-29T18:26:36Z,0
arthas,https://github.com/alibaba/arthas,37214,2018-08-29T17:15:57Z,69
ruoyi-vue-pro,https://github.com/YunaiV/ruoyi-vue-pro,36040,2021-01-24T03:18:25Z,54
hello-algorithm,https://github.com/geekxh/hello-algorithm,36038,2020-05-29T05:47:09Z,0
leetcode,https://github.com/doocs/leetcode,35825,2018-09-16T14:03:03Z,21
lottie-android,https://github.com/airbnb/lottie-android,35602,2016-10-06T22:42:42Z,63
awesome-system-design-resources,https://github.com/ashishps1/awesome-system-design-resources,35563,2023-10-25T01:50:42Z,0
glide,https://github.com/bumptech/glide,35032,2013-07-08T22:52:33Z,54
netty,https://github.com/netty/netty,34898,2010-11-09T09:22:21Z,3
selenium,https://github.com/SeleniumHQ/selenium,34183,2013-01-14T21:40:56Z,114
spring-boot-demo,https://github.com/xkcoding/spring-boot-demo,34112,2017-11-10T06:27:29Z,0
zxing,https://github.com/zxing/zxing,33901,2011-10-12T14:07:27Z,32
easyexcel,https://github.com/alibaba/easyexcel,33769,2018-02-06T03:14:08Z,14
AndroidUtilCode,https://github.com/Blankj/AndroidUtilCode,33707,2016-07-30T18:18:32Z,117
keycloak,https://github.com/keycloak/keycloak,33585,2013-07-02T13:38:51Z,103
nacos,https://github.com/alibaba/nacos,32765,2018-06-15T06:49:27Z,90
WxJava,https://github.com/binarywang/WxJava,32671,2016-01-06T08:24:05Z,31
kafka,https://github.com/apache/kafka,32238,2011-08-15T18:06:16Z,0
conductor,https://github.com/conductor-oss/conductor,31566,2023-12-08T06:06:09Z,37
spring-boot-examples,https://github.com/ityouknow/spring-boot-examples,30638,2016-11-05T05:32:33Z,0
hutool,https://github.com/chinabugotech/hutool,30327,2014-04-13T07:23:51Z,157
xxl-job,https://github.com/xuxueli/xxl-job,29994,2015-11-28T12:59:34Z,42
apollo,https://github.com/apolloconfig/apollo,29767,2016-03-04T10:24:23Z,43
canal,https://github.com/alibaba/canal,29645,2013-01-13T10:59:52Z,32
SmartTube,https://github.com/yuliskov/SmartTube,29102,2020-07-28T12:53:52Z,980
spring-cloud-alibaba,https://github.com/alibaba/spring-cloud-alibaba,29081,2017-12-01T20:49:15Z,51
SpringAll,https://github.com/wuyouzhuguli/SpringAll,29012,2018-05-02T02:48:44Z,0
Telegram,https://github.com/DrKLO/Telegram,28762,2013-10-25T14:08:10Z,95
druid,https://github.com/alibaba/druid,28212,2011-11-03T05:12:51Z,52
vhr,https://github.com/lenve/vhr,28099,2018-01-04T08:57:51Z,0
Mindustry,https://github.com/Anuken/Mindustry,27035,2017-04-30T01:24:29Z,182
JCSprout,https://github.com/crossoverJie/JCSprout,27000,2017-12-17T09:06:50Z,0
miaosha,https://github.com/qiurunze123/miaosha,26604,2018-09-14T04:36:24Z,0
kestra,https://github.com/kestra-io/kestra,26602,2019-08-24T13:56:15Z,413
openapi-generator,https://github.com/OpenAPITools/openapi-generator,26031,2018-05-12T09:57:56Z,79
incubator-seata,https://github.com/apache/incubator-seata,25966,2018-12-28T08:37:22Z,45
flink,https://github.com/apache/flink,25898,2014-06-07T07:00:10Z,0
fastjson,https://github.com/alibaba/fastjson,25701,2011-11-03T06:58:52Z,84
toBeTopJavaer,https://github.com/hollischuang/toBeTopJavaer,25457,2018-10-25T09:54:54Z,0
butterknife,https://github.com/JakeWharton/butterknife,25413,2013-03-05T08:18:59Z,0
Chat2DB,https://github.com/CodePhiliaX/Chat2DB,25281,2023-06-20T14:05:26Z,43
bazel,https://github.com/bazelbuild/bazel,25264,2014-06-12T16:00:38Z,246
SmartRefreshLayout,https://github.com/scwang90/SmartRefreshLayout,25174,2017-06-02T09:52:50Z,14
jenkins,https://github.com/jenkinsci/jenkins,25132,2010-11-22T21:21:23Z,483
libgdx,https://github.com/libgdx/libgdx,24951,2012-08-10T19:34:38Z,15
proxyee-down,https://github.com/proxyee-down-org/proxyee-down,24787,2017-10-25T10:07:27Z,49
skywalking,https://github.com/apache/skywalking,24764,2015-11-07T03:30:36Z,63
EventBus,https://github.com/greenrobot/EventBus,24746,2012-07-16T16:55:40Z,7
Hystrix,https://github.com/Netflix/Hystrix,24467,2012-11-19T20:14:46Z,79
gson,https://github.com/google/gson,24349,2015-03-19T18:21:20Z,12
redisson,https://github.com/redisson/redisson,24275,2014-01-11T14:06:25Z,178
Apktool,https://github.com/iBotPeaches/Apktool,24149,2012-03-19T17:46:53Z,28
dataease,https://github.com/dataease/dataease,23679,2021-02-02T04:10:21Z,105
FizzBuzzEnterpriseEdition,https://github.com/EnterpriseQualityCoding/FizzBuzzEnterpriseEdition,23570,2012-11-24T00:14:41Z,0
LSPosed,https://github.com/LSPosed/LSPosed,23244,2020-12-12T08:39:37Z,39
source-code-hunter,https://github.com/doocs/source-code-hunter,23136,2019-10-28T01:35:10Z,0
Sentinel,https://github.com/alibaba/Sentinel,23105,2018-04-04T06:37:33Z,26
awesome-low-level-design,https://github.com/ashishps1/awesome-low-level-design,22925,2023-11-17T10:15:12Z,0
jdk,https://github.com/openjdk/jdk,22739,2018-09-17T12:29:20Z,0
rocketmq,https://github.com/apache/rocketmq,22387,2016-11-30T08:00:08Z,24
DSA-Bootcamp-Java,https://github.com/kunal-kushwaha/DSA-Bootcamp-Java,22384,2021-07-30T12:23:25Z,0
ExoPlayer,https://github.com/google/ExoPlayer,21936,2014-06-13T21:19:18Z,28
eladmin,https://github.com/elunez/eladmin,21934,2018-12-14T08:54:24Z,1
graal,https://github.com/oracle/graal,21532,2016-01-14T17:11:35Z,32
GSYVideoPlayer,https://github.com/CarGuo/GSYVideoPlayer,21431,2016-11-13T12:34:31Z,64
thingsboard,https://github.com/thingsboard/thingsboard,21422,2016-12-01T09:33:30Z,77
HikariCP,https://github.com/brettwooldridge/HikariCP,21075,2013-10-08T05:43:03Z,0
shardingsphere,https://github.com/apache/shardingsphere,20703,2016-01-18T12:49:26Z,59
DoKit,https://github.com/didi/DoKit,20434,2018-08-14T10:32:07Z,14
mybatis-3,https://github.com/mybatis/mybatis-3,20401,2013-02-14T19:03:32Z,46
litemall,https://github.com/linlinjava/litemall,20209,2018-03-22T16:42:30Z,8
RxAndroid,https://github.com/ReactiveX/RxAndroid,20181,2014-08-19T03:46:38Z,20
SpringBoot-Labs,https://github.com/yudaocode/SpringBoot-Labs,20077,2018-09-12T14:51:46Z,0
intellij-community,https://github.com/JetBrains/intellij-community,19876,2011-09-30T13:33:05Z,24
cat,https://github.com/dianping/cat,18971,2012-12-05T02:31:48Z,3
ip2region,https://github.com/lionsoul2014/ip2region,18872,2015-11-02T00:43:13Z,21
PhotoView,https://github.com/Baseflow/PhotoView,18859,2012-07-17T16:39:00Z,5
antlr4,https://github.com/antlr/antlr4,18806,2010-02-04T01:36:28Z,31
yudao-cloud,https://github.com/YunaiV/yudao-cloud,18709,2019-05-02T16:06:49Z,40
Sa-Token,https://github.com/dromara/Sa-Token,18707,2020-02-03T10:34:29Z,39
Algorithms,https://github.com/williamfiset/Algorithms,18540,2017-03-18T02:50:46Z,0
APIJSON,https://github.com/Tencent/APIJSON,18408,2016-11-21T12:03:29Z,111
disruptor,https://github.com/LMAX-Exchange/disruptor,18273,2012-09-21T13:42:24Z,14
SpringCloudLearning,https://github.com/forezp/SpringCloudLearning,17978,2017-04-08T10:06:56Z,0
tinker,https://github.com/Tencent/tinker,17819,2016-09-06T06:57:52Z,60
caffeine,https://github.com/ben-manes/caffeine,17574,2014-12-13T08:45:11Z,72
analysis-ik,https://github.com/infinilabs/analysis-ik,17434,2011-12-16T09:01:45Z,1
zipkin,https://github.com/openzipkin/zipkin,17418,2012-06-06T18:26:16Z,98
JustAuth,https://github.com/justauth/JustAuth,17415,2019-01-31T09:42:20Z,46
mybatis-plus,https://github.com/baomidou/mybatis-plus,17324,2016-08-18T10:06:53Z,40
tech-interview-for-developer,https://github.com/gyoogle/tech-interview-for-developer,17232,2019-06-09T04:42:57Z,0
material-components-android,https://github.com/material-components/material-components-android,17217,2016-12-05T16:11:29Z,118
fresco,https://github.com/facebook/fresco,17163,2015-03-02T09:58:04Z,55
DataX,https://github.com/alibaba/DataX,17146,2018-01-18T10:09:47Z,7
Android-Universal-Image-Loader,https://github.com/nostra13/Android-Universal-Image-Loader,17056,2011-11-27T18:48:23Z,0
BigData-Notes,https://github.com/heibaiying/BigData-Notes,16882,2019-03-10T01:40:01Z,0
questdb,https://github.com/questdb/questdb,16789,2014-04-28T23:29:15Z,104
java8-tutorial,https://github.com/winterbe/java8-tutorial,16768,2014-03-16T17:25:43Z,0
Grasscutter,https://github.com/Grasscutters/Grasscutter,16768,2022-04-17T12:43:46Z,20
zheng,https://github.com/shuzheng/zheng,16703,2016-10-04T10:07:06Z,0
presto,https://github.com/prestodb/presto,16667,2012-08-09T01:03:37Z,14
springboot-learning-example,https://github.com/JeffLi1993/springboot-learning-example,16595,2017-02-06T07:02:25Z,0
neo4j,https://github.com/neo4j/neo4j,16186,2012-11-12T08:46:15Z,72
awesome-leetcode-resources,https://github.com/ashishps1/awesome-leetcode-resources,16093,2023-10-25T01:48:19Z,0
VirtualXposed,https://github.com/android-hacker/VirtualXposed,15989,2017-12-01T09:00:58Z,50
SpringBoot-Learning,https://github.com/dyc87112/SpringBoot-Learning,15792,2016-08-21T03:39:06Z,0
Android-CleanArchitecture,https://github.com/android10/Android-CleanArchitecture,15561,2014-08-19T14:09:26Z,0
quarkus,https://github.com/quarkusio/quarkus,15560,2018-07-06T00:44:20Z,465
hadoop,https://github.com/apache/hadoop,15511,2014-08-28T07:00:08Z,0
bytecode-viewer,https://github.com/Konloch/bytecode-viewer,15460,2014-10-14T10:26:46Z,62
mockito,https://github.com/mockito/mockito,15435,2012-10-13T20:27:12Z,226
pulsar,https://github.com/apache/pulsar,15177,2016-06-28T07:00:03Z,122
doris,https://github.com/apache/doris,15157,2017-08-10T12:13:30Z,83
jd-gui,https://github.com/java-decompiler/jd-gui,15059,2015-03-25T05:28:41Z,18
flink-learning,https://github.com/zhisheng17/flink-learning,15056,2019-01-01T07:38:28Z,0
supertokens-core,https://github.com/supertokens/supertokens-core,14988,2020-01-05T13:30:52Z,115
zaproxy,https://github.com/zaproxy/zaproxy,14913,2015-06-03T16:55:01Z,24
cryptomator,https://github.com/cryptomator/cryptomator,14842,2014-02-02T00:43:47Z,205
logstash,https://github.com/elastic/logstash,14815,2010-11-18T01:31:50Z,238
onedev,https://github.com/theonedev/onedev,14802,2018-11-06T02:57:01Z,469
vert.x,https://github.com/eclipse-vertx/vert.x,14658,2011-06-17T14:54:55Z,0
Arduino,https://github.com/arduino/Arduino,14552,2010-09-17T19:10:36Z,37
CircleImageView,https://github.com/hdodenhof/CircleImageView,14543,2014-01-17T16:44:46Z,0
QMUI_Android,https://github.com/Tencent/QMUI_Android,14522,2017-04-21T10:03:18Z,35
ARouter,https://github.com/alibaba/ARouter,14501,2016-12-14T01:27:49Z,16
jib,https://github.com/GoogleContainerTools/jib,14362,2018-01-22T18:30:43Z,176
languagetool,https://github.com/languagetool-org/languagetool,14217,2013-08-08T16:37:22Z,0
deeplearning4j,https://github.com/deeplearning4j/deeplearning4j,14214,2013-11-27T02:03:28Z,0
dolphinscheduler,https://github.com/apache/dolphinscheduler,14203,2019-03-01T16:39:25Z,56
Java,https://github.com/DuGuQiuBai/Java,14193,2015-11-25T07:30:08Z,0
kkFileView,https://github.com/kekingcn/kkFileView,14025,2017-12-12T11:41:08Z,16
zuul,https://github.com/Netflix/zuul,14000,2013-03-13T18:53:57Z,61
mit-deep-learning-book-pdf,https://github.com/janishar/mit-deep-learning-book-pdf,13970,2017-04-07T10:46:50Z,3
druid,https://github.com/apache/druid,13967,2012-10-23T19:08:07Z,71
xpipe,https://github.com/xpipe-io/xpipe,13913,2023-01-27T02:25:38Z,146
piggymetrics,https://github.com/sqshq/piggymetrics,13882,2015-03-29T17:56:31Z,2
logger,https://github.com/orhanobut/logger,13879,2015-03-20T22:30:12Z,16
pinpoint,https://github.com/pinpoint-apm/pinpoint,13815,2014-10-20T09:27:22Z,62
Material-Animations,https://github.com/lgvalle/Material-Animations,13799,2015-03-08T20:54:00Z,0
spring-analysis,https://github.com/seaswalker/spring-analysis,13764,2016-09-09T07:46:32Z,0
AndroidAutoSize,https://github.com/JessYanCoding/AndroidAutoSize,13748,2018-08-17T09:04:19Z,14
PictureSelector,https://github.com/LuckSiege/PictureSelector,13595,2017-01-04T07:47:39Z,116
tink,https://github.com/tink-crypto/tink,13559,2014-06-06T16:21:09Z,21
Android-PickerView,https://github.com/Bigkoo/Android-PickerView,13469,2014-12-28T01:46:38Z,0
lombok,https://github.com/projectlombok/lombok,13429,2009-06-08T19:46:41Z,0
mall-learning,https://github.com/macrozheng/mall-learning,13365,2019-04-12T13:20:31Z,0
dex2jar,https://github.com/pxb1988/dex2jar,13100,2015-03-16T09:13:07Z,8
metersphere,https://github.com/metersphere/metersphere,13045,2020-02-03T02:06:12Z,183
banner,https://github.com/youth5201314/banner,13040,2016-04-22T05:50:25Z,0
COLA,https://github.com/alibaba/COLA,12920,2018-02-06T13:46:27Z,11
mall-swarm,https://github.com/macrozheng/mall-swarm,12890,2019-11-25T06:55:31Z,3
plantuml,https://github.com/plantuml/plantuml,12838,2010-11-04T15:55:50Z,67
spring-boot-admin,https://github.com/codecentric/spring-boot-admin,12824,2014-07-25T11:39:13Z,147
conductor,https://github.com/Netflix/conductor,12788,2016-12-07T22:48:42Z,319
zookeeper,https://github.com/apache/zookeeper,12744,2009-03-27T15:41:56Z,0
guice,https://github.com/google/guice,12733,2014-05-28T23:18:53Z,19
GmsCore,https://github.com/microg/GmsCore,12710,2014-04-23T19:28:47Z,45
stetho,https://github.com/facebook/stetho,12701,2015-01-22T22:34:10Z,13
eureka,https://github.com/Netflix/eureka,12697,2012-07-26T22:23:07Z,152
trino,https://github.com/trinodb/trino,12665,2019-01-19T06:38:14Z,4
OpenSearch,https://github.com/opensearch-project/OpenSearch,12647,2021-01-29T22:10:00Z,65
greenDAO,https://github.com/greenrobot/greenDAO,12617,2011-10-22T16:15:14Z,8
Matisse,https://github.com/zhihu/Matisse,12564,2017-04-13T01:31:05Z,15
debezium,https://github.com/debezium/debezium,12551,2016-01-22T20:17:05Z,0
AndroidViewAnimations,https://github.com/daimajia/AndroidViewAnimations,12473,2014-06-23T03:53:13Z,9
lawnchair,https://github.com/LawnchairLauncher/lawnchair,12449,2017-03-03T13:12:58Z,31
Mybatis-PageHelper,https://github.com/pagehelper-org/Mybatis-PageHelper,12383,2014-06-09T15:32:30Z,15
AndroidSwipeLayout,https://github.com/daimajia/AndroidSwipeLayout,12382,2014-08-25T04:09:33Z,18
jedis,https://github.com/redis/jedis,12298,2010-06-11T13:04:43Z,120
android-interview-questions,https://github.com/amitshekhariitbhu/android-interview-questions,12292,2017-07-09T18:47:24Z,0
xManager,https://github.com/Team-xManager/xManager,12185,2021-02-08T11:31:10Z,51
Aegis,https://github.com/beemdevelopment/Aegis,12176,2016-08-15T19:10:31Z,73
uCrop,https://github.com/Yalantis/uCrop,12121,2016-01-05T13:41:06Z,20
Paper,https://github.com/PaperMC/Paper,12036,2016-01-22T05:40:19Z,0
grpc-java,https://github.com/grpc/grpc-java,11999,2014-12-08T19:00:00Z,189
matrix,https://github.com/Tencent/matrix,11998,2018-12-11T07:08:02Z,16
kafka-ui,https://github.com/provectus/kafka-ui,11983,2019-11-26T15:55:55Z,25
VasSonic,https://github.com/Tencent/VasSonic,11879,2017-08-01T08:35:13Z,10
OpenRefine,https://github.com/OpenRefine/OpenRefine,11788,2012-10-15T02:22:48Z,76
datahub,https://github.com/datahub-project/datahub,11724,2015-11-18T05:47:40Z,135
fullstack-tutorial,https://github.com/frank-lam/fullstack-tutorial,11698,2018-04-13T01:50:10Z,0
webmagic,https://github.com/code4craft/webmagic,11696,2013-04-23T12:57:36Z,33
joyagent-jdgenie,https://github.com/jd-opensource/joyagent-jdgenie,11584,2025-07-16T02:59:53Z,1
newbee-mall,https://github.com/newbee-ltd/newbee-mall,11540,2019-09-21T03:56:04Z,0
starrocks,https://github.com/StarRocks/starrocks,11514,2021-09-04T02:29:35Z,179
realm-java,https://github.com/realm/realm-java,11489,2012-04-20T09:18:42Z,0
CtCI-6th-Edition,https://github.com/careercup/CtCI-6th-Edition,11476,2015-07-02T06:28:46Z,0
ImmersionBar,https://github.com/gyf-dev/ImmersionBar,11469,2017-04-19T05:10:09Z,0
jsoup,https://github.com/jhy/jsoup,11360,2009-12-19T01:29:58Z,21
spider-flow,https://github.com/ssssssss-team/spider-flow,11318,2020-03-27T11:07:15Z,2
langchain4j,https://github.com/langchain4j/langchain4j,11317,2023-06-20T15:30:29Z,61
interview,https://github.com/mission-peace/interview,11309,2014-07-20T21:27:31Z,0
cas,https://github.com/apereo/cas,11308,2011-09-09T01:36:42Z,315
PermissionsDispatcher,https://github.com/permissions-dispatcher/PermissionsDispatcher,11204,2015-08-15T21:41:05Z,40
SmarterStreaming,https://github.com/daniulive/SmarterStreaming,11165,2016-03-26T14:46:02Z,0
FileDownloader,https://github.com/lingochamp/FileDownloader,11124,2015-12-22T11:17:16Z,65
FlycoTabLayout,https://github.com/H07000223/FlycoTabLayout,11112,2015-11-09T01:53:19Z,4
pkl,https://github.com/apple/pkl,11105,2024-01-19T17:28:45Z,21
jjwt,https://github.com/jwtk/jjwt,11054,2014-09-13T01:06:24Z,9
SlidingMenu,https://github.com/jfeinstein10/SlidingMenu,11025,2012-06-30T05:14:23Z,0
androidannotations,https://github.com/androidannotations/androidannotations,11008,2012-01-06T08:48:03Z,0
VirtualApp,https://github.com/asLody/VirtualApp,10950,2016-07-06T13:25:23Z,0
javapoet,https://github.com/square/javapoet,10859,2013-02-01T16:56:30Z,0
clojure,https://github.com/clojure/clojure,10834,2010-06-29T20:03:33Z,0
platform_frameworks_base,https://github.com/aosp-mirror/platform_frameworks_base,10823,2008-10-21T18:20:37Z,0
Java-WebSocket,https://github.com/TooTallNate/Java-WebSocket,10801,2010-01-20T23:33:04Z,19
vlayout,https://github.com/alibaba/vlayout,10761,2017-02-27T08:11:47Z,34
astron-agent,https://github.com/iflytek/astron-agent,10725,2025-09-19T08:46:01Z,12
zfile,https://github.com/zfile-dev/zfile,10712,2019-08-19T13:57:56Z,67
android-async-http,https://github.com/android-async-http/android-async-http,10622,2011-02-20T03:25:07Z,3
resilience4j,https://github.com/resilience4j/resilience4j,10605,2015-06-03T09:21:01Z,36
okhttp-OkGo,https://github.com/jeasonlzy/okhttp-OkGo,10587,2016-01-15T10:35:24Z,14
auto,https://github.com/google/auto,10557,2013-05-22T21:41:56Z,67
Activiti,https://github.com/Activiti/Activiti,10522,2012-09-13T11:34:43Z,1000
JiaoZiVideoPlayer,https://github.com/lipangit/JiaoZiVideoPlayer,10504,2016-02-06T11:04:24Z,78
Signal-Server,https://github.com/signalapp/Signal-Server,10457,2013-12-09T07:10:36Z,0
RxPermissions,https://github.com/tbruyelle/RxPermissions,10441,2015-09-29T13:55:09Z,11
aws-doc-sdk-examples,https://github.com/awsdocs/aws-doc-sdk-examples,10385,2016-08-18T19:06:57Z,0
sonarqube,https://github.com/SonarSource/sonarqube,10368,2011-01-05T11:05:17Z,70
LSPosed,https://github.com/JingMatrix/LSPosed,10281,2023-07-20T18:03:30Z,5
MVPArms,https://github.com/JessYanCoding/MVPArms,10275,2016-08-06T08:49:56Z,25
GoGoGo,https://github.com/ZCShou/GoGoGo,10129,2021-12-03T06:59:39Z,8
ViewPagerIndicator,https://github.com/JakeWharton/ViewPagerIndicator,10086,2011-08-04T17:13:44Z,0
CoreNLP,https://github.com/stanfordnlp/CoreNLP,10063,2013-06-27T21:13:49Z,19
JsBridge,https://github.com/happydog-intj/JsBridge,9930,2015-02-26T12:10:58Z,0
spring-reading,https://github.com/xuchengsheng/spring-reading,9928,2023-09-15T06:42:44Z,0
glide-transformations,https://github.com/wasabeef/glide-transformations,9911,2015-01-09T10:33:29Z,0
easypermissions,https://github.com/googlesamples/easypermissions,9899,2015-12-22T18:05:53Z,12
paascloud-master,https://github.com/paascloud/paascloud-master,9886,2018-03-17T05:40:43Z,0
MagicIndicator,https://github.com/hackware1993/MagicIndicator,9812,2016-06-26T08:20:43Z,12
feign,https://github.com/OpenFeign/feign,9787,2013-06-26T23:28:16Z,49
AVLoadingIndicatorView,https://github.com/HarlonWang/AVLoadingIndicatorView,9779,2015-10-24T20:18:33Z,1
spring-boot-api-project-seed,https://github.com/lihengming/spring-boot-api-project-seed,9715,2017-06-23T10:06:30Z,4
spinnaker,https://github.com/spinnaker/spinnaker,9708,2014-07-02T19:02:36Z,28
Fragmentation,https://github.com/YoKeyword/Fragmentation,9706,2016-02-23T08:54:55Z,30
cassandra,https://github.com/apache/cassandra,9677,2009-05-21T02:10:09Z,0
spark,https://github.com/perwendel/spark,9665,2011-05-05T11:52:05Z,0
android-gif-drawable,https://github.com/koral--/android-gif-drawable,9661,2013-01-30T01:37:46Z,63
react-native-camera,https://github.com/react-native-camera/react-native-camera,9648,2015-04-01T00:54:40Z,144
opendataloader-pdf,https://github.com/opendataloader-project/opendataloader-pdf,9631,2025-05-13T05:48:02Z,52
automq,https://github.com/AutoMQ/automq,9628,2023-08-17T07:50:13Z,81
Android-ObservableScrollView,https://github.com/ksoichiro/Android-ObservableScrollView,9626,2014-11-08T14:45:20Z,0
flyway,https://github.com/flyway/flyway,9623,2012-12-14T18:43:22Z,291
DanmakuFlameMaster,https://github.com/bilibili/DanmakuFlameMaster,9613,2013-08-11T12:18:50Z,5
EhViewer,https://github.com/seven332/EhViewer,9550,2014-05-14T12:03:52Z,97
Mycat-Server,https://github.com/MyCATApache/Mycat-Server,9542,2014-12-04T02:46:54Z,7
android-Ultra-Pull-To-Refresh,https://github.com/liaohuqiu/android-Ultra-Pull-To-Refresh,9531,2014-11-13T03:13:10Z,8
cim,https://github.com/crossoverJie/cim,9489,2018-05-20T15:55:56Z,9
AndroidSlidingUpPanel,https://github.com/umano/AndroidSlidingUpPanel,9484,2013-05-31T18:33:53Z,8
spring-security,https://github.com/spring-projects/spring-security,9476,2012-01-10T21:50:57Z,249
AgentWeb,https://github.com/Justson/AgentWeb,9411,2017-05-12T07:45:56Z,21
JsonPath,https://github.com/json-path/JsonPath,9394,2011-01-24T13:19:19Z,12
PocketHub,https://github.com/pockethub/PocketHub,9381,2011-09-08T16:52:50Z,1
CalendarView,https://github.com/huanghaibin-dev/CalendarView,9370,2017-03-11T07:16:09Z,1
AndroidNote,https://github.com/GcsSloop/AndroidNote,9340,2016-01-04T23:51:36Z,0
testing-samples,https://github.com/android/testing-samples,9302,2014-10-11T03:51:27Z,0
jmeter,https://github.com/apache/jmeter,9290,2010-05-26T23:38:07Z,10
seatunnel,https://github.com/apache/seatunnel,9202,2017-08-05T09:14:47Z,53
android-gpuimage,https://github.com/cats-oss/android-gpuimage,9158,2012-10-04T08:11:58Z,0
flowable-engine,https://github.com/flowable/flowable-engine,9148,2016-10-13T07:21:43Z,29
VirtualAPK,https://github.com/didi/VirtualAPK,9067,2017-06-29T07:25:05Z,4
HMCL,https://github.com/HMCL-dev/HMCL,9010,2015-06-22T08:06:03Z,317
spring-ai-alibaba,https://github.com/alibaba/spring-ai-alibaba,8954,2024-09-09T01:35:50Z,18
Jetpack-MVVM-Best-Practice,https://github.com/KunMinX/Jetpack-MVVM-Best-Practice,8951,2019-10-31T05:21:01Z,0
MaterialDesignLibrary,https://github.com/navasmdc/MaterialDesignLibrary,8944,2014-09-30T07:37:17Z,3
Android_Data,https://github.com/Freelander/Android_Data,8918,2015-04-04T01:37:44Z,0
LSPatch,https://github.com/LSPosed/LSPatch,8913,2021-03-01T19:38:36Z,9
jna,https://github.com/java-native-access/jna,8909,2011-04-29T13:30:29Z,0
checkstyle,https://github.com/checkstyle/checkstyle,8903,2013-08-31T02:05:05Z,182
ysoserial,https://github.com/frohoff/ysoserial,8826,2015-01-28T07:13:55Z,1
karate,https://github.com/karatelabs/karate,8814,2017-02-07T15:59:17Z,57
PojavLauncher,https://github.com/PojavLauncherTeam/PojavLauncher,8805,2020-03-11T03:22:54Z,126
storm,https://github.com/nathanmarz/storm,8789,2011-09-17T07:55:13Z,0
shenyu,https://github.com/apache/shenyu,8783,2018-07-11T08:17:45Z,14
StatusBarUtil,https://github.com/laobie/StatusBarUtil,8771,2016-02-15T03:06:06Z,0
baritone,https://github.com/cabaletta/baritone,8759,2018-08-01T15:34:21Z,85
awesome-java-leetcode,https://github.com/Blankj/awesome-java-leetcode,8737,2017-04-17T15:51:41Z,0
iceberg,https://github.com/apache/iceberg,8667,2018-11-19T16:26:46Z,32
Android-PullToRefresh,https://github.com/chrisbanes/Android-PullToRefresh,8665,2011-11-29T09:59:56Z,0
Android-SpinKit,https://github.com/ybq/Android-SpinKit,8653,2016-03-20T08:40:51Z,0
Android-Debug-Database,https://github.com/amitshekhariitbhu/Android-Debug-Database,8645,2016-11-16T14:20:24Z,14
react-native-image-picker,https://github.com/react-native-image-picker/react-native-image-picker,8637,2015-06-08T20:25:31Z,142
AndResGuard,https://github.com/shwenzhang/AndResGuard,8634,2015-10-11T11:48:06Z,4
testcontainers-java,https://github.com/testcontainers/testcontainers-java,8617,2015-04-12T12:44:59Z,91
dropwizard,https://github.com/dropwizard/dropwizard,8602,2011-01-19T19:52:29Z,192
epoxy,https://github.com/airbnb/epoxy,8571,2016-08-08T23:05:11Z,78
buck,https://github.com/facebook/buck,8562,2013-04-17T18:12:18Z,57
tsunami-security-scanner,https://github.com/google/tsunami-security-scanner,8557,2020-06-03T16:20:00Z,1
junit4,https://github.com/junit-team/junit4,8554,2009-01-13T03:41:26Z,13
Calligraphy,https://github.com/chrisjenx/Calligraphy,8545,2013-12-20T02:35:45Z,4
aeron,https://github.com/aeron-io/aeron,8532,2014-02-07T17:16:58Z,139
beam,https://github.com/apache/beam,8527,2016-02-02T08:00:06Z,57
im-server,https://github.com/wildfirechat/im-server,8463,2019-01-23T15:21:28Z,115
AndroidPdfViewer,https://github.com/DImuthuUpe/AndroidPdfViewer,8463,2016-06-02T20:21:21Z,0
hsweb-framework,https://github.com/hs-web/hsweb-framework,8404,2016-01-18T03:51:39Z,32
BottomBar,https://github.com/roughike/BottomBar,8386,2016-03-16T01:31:05Z,4
pentaho-kettle,https://github.com/pentaho/pentaho-kettle,8325,2013-10-08T18:27:11Z,1
spring-ai,https://github.com/spring-projects/spring-ai,8312,2023-06-27T18:57:29Z,19
javacv,https://github.com/bytedeco/javacv,8305,2014-04-21T13:50:26Z,14
transmittable-thread-local,https://github.com/alibaba/transmittable-thread-local,8270,2013-10-13T08:48:33Z,58
UltimateAndroidReference,https://github.com/aritraroy/UltimateAndroidReference,8261,2017-04-10T07:28:27Z,0
shardingsphere-elasticjob,https://github.com/apache/shardingsphere-elasticjob,8221,2015-09-11T11:28:52Z,31
LeetCode-Book,https://github.com/krahets/LeetCode-Book,8191,2021-12-17T14:16:02Z,0
atlas,https://github.com/alibaba/atlas,8170,2017-02-28T06:31:43Z,7
otter,https://github.com/alibaba/otter,8133,2013-08-09T09:31:22Z,10
tomcat,https://github.com/apache/tomcat,8128,2011-10-01T07:00:19Z,0
MaterialViewPager,https://github.com/florent37/MaterialViewPager,8106,2015-04-24T17:53:15Z,11
LitePal,https://github.com/guolindev/LitePal,8084,2013-02-20T03:20:07Z,0
GhidraMCP,https://github.com/LaurieWired/GhidraMCP,8054,2025-03-23T05:36:55Z,5
XPopup,https://github.com/junixapp/XPopup,8023,2018-12-07T06:16:48Z,221
subsampling-scale-image-view,https://github.com/davemorrissey/subsampling-scale-image-view,8009,2013-08-26T16:45:25Z,21
1brc,https://github.com/gunnarmorling/1brc,7987,2023-12-28T09:13:24Z,0
graylog2-server,https://github.com/Graylog2/graylog2-server,7986,2010-05-17T21:27:02Z,0
SimianArmy,https://github.com/Netflix/SimianArmy,7983,2012-07-06T22:00:05Z,4
hugo,https://github.com/JakeWharton/hugo,7913,2013-11-25T09:16:40Z,0
jimureport,https://github.com/jeecgboot/jimureport,7892,2019-12-05T12:25:59Z,33
metrics,https://github.com/dropwizard/metrics,7851,2010-02-26T19:44:42Z,142
CompreFace,https://github.com/exadel-inc/CompreFace,7851,2020-07-06T08:29:43Z,11
HomeMirror,https://github.com/HannahMitt/HomeMirror,7831,2015-08-23T03:20:08Z,0
hellocharts-android,https://github.com/lecho/hellocharts-android,7795,2014-10-12T09:12:37Z,14
material-theme-jetbrains,https://github.com/ChrisRM/material-theme-jetbrains,7767,2015-09-23T07:15:04Z,17
AntennaPod,https://github.com/AntennaPod/AntennaPod,7756,2012-07-31T10:25:08Z,65
Shadow,https://github.com/Tencent/Shadow,7743,2019-06-13T10:50:27Z,5
PowerJob,https://github.com/PowerJob/PowerJob,7717,2020-03-16T09:19:55Z,51
MVVMHabit,https://github.com/goldze/MVVMHabit,7709,2017-07-21T10:38:40Z,3
AppManager,https://github.com/MuntashirAkon/AppManager,7695,2020-05-30T04:08:56Z,76
RxLifecycle,https://github.com/trello-archive/RxLifecycle,7670,2015-07-20T13:32:23Z,22
vjtools,https://github.com/vipshop/vjtools,7655,2018-05-29T09:07:08Z,9
mapstruct,https://github.com/mapstruct/mapstruct,7632,2012-05-28T12:42:42Z,36
TV,https://github.com/FongMi/TV,7628,2022-06-22T09:10:23Z,0
MyBookshelf,https://github.com/gedoor/MyBookshelf,7624,2018-06-12T03:48:07Z,165
android-classyshark,https://github.com/google/android-classyshark,7597,2015-10-12T13:40:48Z,17
MinecraftForge,https://github.com/MinecraftForge/MinecraftForge,7566,2012-01-30T01:35:01Z,0
AndroidAsync,https://github.com/koush/AndroidAsync,7550,2012-08-24T07:27:04Z,0
RxJava-Android-Samples,https://github.com/kaushikgopal/RxJava-Android-Samples,7527,2014-07-23T05:13:52Z,0
algs4,https://github.com/kevin-wayne/algs4,7524,2015-08-31T09:28:49Z,0
swagger-core,https://github.com/swagger-api/swagger-core,7522,2011-07-05T23:44:11Z,129
gnirehtet,https://github.com/Genymobile/gnirehtet,7504,2017-02-09T16:01:13Z,12
LeetCode,https://github.com/yuanguangxin/LeetCode,7492,2020-01-11T01:02:02Z,0
DependencyCheck,https://github.com/dependency-check/DependencyCheck,7466,2012-09-03T20:43:30Z,91
enso,https://github.com/enso-org/enso,7437,2016-12-16T17:23:37Z,708
VBlog,https://github.com/lenve/VBlog,7433,2017-12-26T11:01:55Z,0
SpringCloud-Learning,https://github.com/dyc87112/SpringCloud-Learning,7395,2016-08-21T03:39:52Z,0
Mapper,https://github.com/abel533/Mapper,7385,2014-11-21T11:02:10Z,11
gocd,https://github.com/gocd/gocd,7383,2013-12-13T05:26:16Z,87
astron-rpa,https://github.com/iflytek/astron-rpa,7381,2025-09-20T08:51:40Z,5
RePlugin,https://github.com/Qihoo360/RePlugin,7349,2017-06-08T09:39:09Z,19
ShortcutBadger,https://github.com/leolin310148/ShortcutBadger,7341,2013-11-15T12:51:52Z,0
dagger,https://github.com/square/dagger,7310,2012-08-02T23:25:32Z,0
Android-Bootstrap,https://github.com/Bearded-Hen/Android-Bootstrap,7255,2013-11-01T15:36:17Z,5
WeChatLuckyMoney,https://github.com/zhongyi-tong/WeChatLuckyMoney,7245,2015-09-30T16:11:20Z,20
xmall,https://github.com/Exrick/xmall,7245,2017-07-28T01:49:49Z,0
TakePhoto,https://github.com/crazycodeboy/TakePhoto,7238,2015-08-04T02:05:32Z,15
sweet-alert-dialog,https://github.com/pedant/sweet-alert-dialog,7232,2014-10-19T09:24:09Z,2
nanohttpd,https://github.com/NanoHttpd/nanohttpd,7213,2012-08-10T21:52:42Z,3
UltimateRecyclerView,https://github.com/cymcsg/UltimateRecyclerView,7195,2015-01-28T02:27:45Z,9
wiremock,https://github.com/wiremock/wiremock,7179,2011-10-09T20:27:24Z,52
KnowStreaming,https://github.com/didi/KnowStreaming,7178,2020-03-19T05:13:51Z,23
alluxio,https://github.com/Alluxio/alluxio,7173,2012-12-21T17:43:46Z,61
error-prone,https://github.com/google/error-prone,7150,2014-08-21T23:26:50Z,64
hertzbeat,https://github.com/apache/hertzbeat,7139,2022-02-04T14:48:56Z,7
agera,https://github.com/google/agera,7134,2015-12-17T13:22:58Z,16
rest-assured,https://github.com/rest-assured/rest-assured,7126,2010-10-21T08:35:43Z,0
JavaTutorial,https://github.com/h2pl/JavaTutorial,7120,2018-05-01T15:57:21Z,1
traccar,https://github.com/traccar/traccar,7117,2012-04-16T08:33:49Z,69
SmartTabLayout,https://github.com/ogaclejapan/SmartTabLayout,7084,2015-02-14T11:25:51Z,0
ActionBarSherlock,https://github.com/JakeWharton/ActionBarSherlock,7072,2011-03-07T17:28:54Z,32
java-eight-part,https://github.com/CoderLeixiaoshuai/java-eight-part,7066,2020-10-16T16:27:04Z,0
Recaf,https://github.com/Col-E/Recaf,7065,2017-07-27T06:01:10Z,170
Timber,https://github.com/naman14/Timber,7051,2015-06-12T16:43:55Z,5
netty-socketio,https://github.com/mrniko/netty-socketio,7025,2012-01-12T11:43:49Z,19
elasticsearch-sql,https://github.com/NLPchina/elasticsearch-sql,7023,2014-08-24T14:26:31Z,302
junit-framework,https://github.com/junit-team/junit-framework,6993,2015-01-11T19:06:10Z,107
DroidPlugin,https://github.com/DroidPluginTeam/DroidPlugin,6976,2015-08-27T11:14:57Z,2
jvm-sandbox,https://github.com/alibaba/jvm-sandbox,6959,2017-08-03T02:55:31Z,13
logisim-evolution,https://github.com/logisim-evolution/logisim-evolution,6918,2014-09-19T05:23:24Z,32
springcloud-learning,https://github.com/macrozheng/springcloud-learning,6915,2019-09-07T02:36:16Z,0
rabbitmq-tutorials,https://github.com/rabbitmq/rabbitmq-tutorials,6874,2010-09-21T11:41:26Z,0
BookReader,https://github.com/smuyyh/BookReader,6873,2016-08-03T05:17:27Z,0
walle,https://github.com/Meituan-Dianping/walle,6866,2017-01-10T03:39:25Z,1
AndroidProject,https://github.com/getActivity/AndroidProject,6865,2018-10-23T10:30:55Z,18
okhttputils,https://github.com/hongyangAndroid/okhttputils,6857,2015-08-17T14:53:29Z,0
vespa,https://github.com/vespa-engine/vespa,6835,2016-06-03T20:54:20Z,269
haven,https://github.com/guardianproject/haven,6798,2017-03-01T03:20:03Z,37
react-native-push-notification,https://github.com/zo0r/react-native-push-notification,6791,2015-12-14T19:53:36Z,35
byte-buddy,https://github.com/raphw/byte-buddy,6788,2013-11-25T19:38:03Z,312
angel,https://github.com/Angel-ML/angel,6787,2017-04-25T05:57:43Z,20
itstack-demo-design,https://github.com/fuzhengwei/itstack-demo-design,6780,2020-05-20T13:45:30Z,0
springBoot,https://github.com/527515025/springBoot,6773,2016-11-07T02:13:31Z,0
AndroidPicker,https://github.com/gzu-liyujiang/AndroidPicker,6772,2015-10-21T14:21:16Z,58
Pixiv-Shaft,https://github.com/CeuiLiSA/Pixiv-Shaft,6768,2019-04-01T09:59:09Z,122
Leaf,https://github.com/Meituan-Dianping/Leaf,6736,2018-12-11T07:41:35Z,0
wvp-GB28181-pro,https://github.com/648540858/wvp-GB28181-pro,6733,2020-11-14T14:16:37Z,2
AndroidPerformanceMonitor,https://github.com/markzhai/AndroidPerformanceMonitor,6733,2016-01-17T05:23:22Z,0
mybatis-generator-gui,https://github.com/zouzg/mybatis-generator-gui,6708,2016-05-08T22:39:39Z,16
XXPermissions,https://github.com/getActivity/XXPermissions,6708,2018-06-15T14:31:29Z,74
quartz,https://github.com/quartz-scheduler/quartz,6708,2016-03-07T14:05:37Z,8
AndroidAutoLayout,https://github.com/hongyangAndroid/AndroidAutoLayout,6691,2015-11-19T02:09:11Z,0
Suwayomi-Server,https://github.com/Suwayomi/Suwayomi-Server,6685,2020-12-23T20:31:38Z,58
jOOQ,https://github.com/jOOQ/jOOQ,6685,2011-04-17T10:43:33Z,122
storm,https://github.com/apache/storm,6676,2013-11-05T08:00:14Z,8
AndPermission,https://github.com/yanzhenjie/AndPermission,6647,2016-09-11T05:17:34Z,0
smali,https://github.com/JesusFreke/smali,6615,2012-09-23T19:51:16Z,0
zeppelin,https://github.com/apache/zeppelin,6607,2015-03-25T07:00:06Z,0
hazelcast,https://github.com/hazelcast/hazelcast,6605,2012-03-21T12:25:18Z,201
pig,https://github.com/pig-mesh/pig,6600,2019-08-26T03:24:53Z,20
Toasty,https://github.com/GrenderG/Toasty,6594,2017-01-18T18:52:41Z,19
ansj_seg,https://github.com/NLPchina/ansj_seg,6545,2012-09-05T05:56:24Z,3
Android-skin-support,https://github.com/ximsfei/Android-skin-support,6521,2017-01-12T15:03:54Z,0
processing,https://github.com/processing/processing,6496,2013-01-24T21:17:22Z,48
QR-Code-generator,https://github.com/nayuki/QR-Code-generator,6486,2016-04-15T02:19:41Z,5
hibernate-orm,https://github.com/hibernate/hibernate-orm,6464,2010-10-04T16:15:52Z,167
Android-Image-Cropper,https://github.com/ArthurHub/Android-Image-Cropper,6430,2015-01-15T10:49:37Z,32
Spring-Cloud-Platform,https://github.com/wxiaoqi/Spring-Cloud-Platform,6429,2017-05-25T10:35:26Z,3
so-novel,https://github.com/freeok/so-novel,6425,2022-05-23T15:49:36Z,53
RoundedImageView,https://github.com/vinc3m1/RoundedImageView,6420,2013-02-22T01:17:37Z,19
jetlinks-community,https://github.com/jetlinks/jetlinks-community,6418,2020-01-02T07:27:34Z,21
IJPay,https://github.com/Javen205/IJPay,6413,2017-05-02T03:15:32Z,24
gephi,https://github.com/gephi/gephi,6411,2011-10-22T03:14:46Z,19
async-http-client,https://github.com/AsyncHttpClient/async-http-client,6409,2011-03-07T13:41:46Z,11
micronaut-core,https://github.com/micronaut-projects/micronaut-core,6393,2018-03-07T12:05:08Z,351
flink-cdc,https://github.com/apache/flink-cdc,6383,2020-07-27T19:23:33Z,23
remusic,https://github.com/aa112901/remusic,6383,2016-03-24T06:20:39Z,0
graphhopper,https://github.com/graphhopper/graphhopper,6380,2012-02-18T19:57:38Z,46
jsonschema2pojo,https://github.com/joelittlejohn/jsonschema2pojo,6368,2013-06-22T22:28:53Z,67
smile,https://github.com/haifengl/smile,6357,2014-11-20T16:28:12Z,42
mini-spring,https://github.com/DerekYRC/mini-spring,6355,2020-11-17T11:59:18Z,1
richeditor-android,https://github.com/wasabeef/richeditor-android,6348,2015-03-30T16:19:20Z,0
JFoenix,https://github.com/sshahine/JFoenix,6347,2015-09-08T14:04:24Z,0
from-java-to-kotlin,https://github.com/amitshekhariitbhu/from-java-to-kotlin,6337,2017-05-21T11:56:27Z,0
iotdb,https://github.com/apache/iotdb,6301,2018-11-24T21:29:17Z,51
config,https://github.com/lightbend/config,6296,2011-12-06T08:02:29Z,4
ion,https://github.com/koush/ion,6264,2013-05-22T07:41:23Z,0
graphql-java,https://github.com/graphql-java/graphql-java,6234,2015-07-06T06:52:20Z,101
incubator-kie-drools,https://github.com/apache/incubator-kie-drools,6231,2011-02-18T08:37:05Z,6
spring-cloud-examples,https://github.com/ityouknow/spring-cloud-examples,6217,2017-04-28T08:48:53Z,0
java-jwt,https://github.com/auth0/java-jwt,6207,2014-03-07T15:06:11Z,46
grafika,https://github.com/google/grafika,6160,2013-12-19T18:36:53Z,1
camel,https://github.com/apache/camel,6156,2009-05-21T00:25:36Z,0
useful-java-links,https://github.com/Vedenin/useful-java-links,6155,2016-02-13T13:14:52Z,0
SoloPi,https://github.com/alipay/SoloPi,6147,2019-03-14T15:32:49Z,8
get_jobs,https://github.com/loks666/get_jobs,6142,2024-03-07T21:34:58Z,3
SpringBootVulExploit,https://github.com/LandGrey/SpringBootVulExploit,6127,2020-05-20T09:18:44Z,0
vavr,https://github.com/vavr-io/vavr,6127,2014-01-30T14:07:25Z,22
kafdrop,https://github.com/obsidiandynamics/kafdrop,6125,2019-05-27T08:46:56Z,50
hudi,https://github.com/apache/hudi,6125,2016-12-14T15:53:41Z,33
SwipeBackLayout,https://github.com/ikew0ng/SwipeBackLayout,6104,2013-08-25T03:36:12Z,0
MaterialEditText,https://github.com/rengwuxian/MaterialEditText,6099,2014-10-30T10:07:23Z,19
google-java-format,https://github.com/google/google-java-format,6096,2015-05-11T20:38:28Z,43
NumberProgressBar,https://github.com/daimajia/NumberProgressBar,6095,2014-05-01T08:54:25Z,3
javaparser,https://github.com/javaparser/javaparser,6063,2011-10-30T14:03:44Z,57
pinot,https://github.com/apache/pinot,6050,2014-05-19T23:27:48Z,21
j2objc,https://github.com/google/j2objc,6045,2014-01-30T20:19:56Z,1
austin,https://github.com/ZhongFuCheng3y/austin,6045,2021-11-06T09:36:01Z,0
dynamic-load-apk,https://github.com/singwhatiwanna/dynamic-load-apk,6026,2014-03-30T11:51:00Z,0
nifi,https://github.com/apache/nifi,6025,2014-12-12T08:00:05Z,0
hive,https://github.com/apache/hive,6020,2009-05-21T02:31:01Z,0
EffectiveAndroidUI,https://github.com/pedrovgs/EffectiveAndroidUI,6014,2014-07-04T08:42:20Z,0
jeepay,https://github.com/jeequan/jeepay,6002,2017-08-12T02:40:32Z,0
robolectric,https://github.com/robolectric/robolectric,6001,2010-08-28T00:28:25Z,111
hippo4j,https://github.com/opengoofy/hippo4j,5994,2021-06-16T02:59:48Z,18
datax-web,https://github.com/WeiYe-Jing/datax-web,5991,2019-11-19T01:09:05Z,5
btrace,https://github.com/btraceio/btrace,5987,2014-08-28T18:58:24Z,33
physical-web,https://github.com/google/physical-web,5981,2014-09-30T18:32:14Z,17
shattered-pixel-dungeon,https://github.com/00-Evan/shattered-pixel-dungeon,5975,2014-07-31T21:56:31Z,53
material,https://github.com/rey5137/material,5967,2014-12-09T12:07:32Z,10
api-samples,https://github.com/youtube/api-samples,5960,2013-12-09T18:41:41Z,0
xUtils3,https://github.com/wyouflf/xUtils3,5959,2015-10-28T10:56:04Z,9
ssm,https://github.com/liyifeng1994/ssm,5939,2016-06-18T17:58:56Z,0
springfox,https://github.com/springfox/springfox,5938,2012-05-06T06:38:57Z,12
JSqlParser,https://github.com/JSQLParser/JSqlParser,5936,2011-06-23T22:51:52Z,37
zxing-android-embedded,https://github.com/journeyapps/zxing-android-embedded,5935,2012-11-28T16:36:39Z,9
material-calendarview,https://github.com/prolificinteractive/material-calendarview,5930,2015-02-09T22:31:56Z,22
androidmvp,https://github.com/antoniolg/androidmvp,5910,2014-04-02T05:42:20Z,0
motan,https://github.com/weibocom/motan,5907,2016-04-20T10:56:17Z,28
tvapk,https://github.com/Archmage83/tvapk,5906,2020-07-29T08:04:37Z,0
fesod,https://github.com/apache/fesod,5899,2024-10-05T11:42:50Z,7
Fast-Android-Networking,https://github.com/amitshekhariitbhu/Fast-Android-Networking,5891,2016-03-21T18:35:44Z,10
blade,https://github.com/lets-blade/blade,5884,2015-06-10T03:35:49Z,9
DiskLruCache,https://github.com/JakeWharton/DiskLruCache,5865,2012-01-05T00:36:34Z,0
MifareClassicTool,https://github.com/ikarus23/MifareClassicTool,5859,2013-02-12T15:39:03Z,10
lanproxy,https://github.com/ffay/lanproxy,5857,2016-11-20T08:12:10Z,1
PeerBanHelper,https://github.com/PBH-BTN/PeerBanHelper,5856,2024-02-07T14:35:16Z,190
linuxdeploy,https://github.com/meefik/linuxdeploy,5795,2012-08-21T04:49:14Z,37
BoomMenu,https://github.com/Nightonke/BoomMenu,5791,2016-03-19T12:04:12Z,0
DiscreteScrollView,https://github.com/yarolegovich/DiscreteScrollView,5786,2017-03-03T23:38:54Z,2
tcc-transaction,https://github.com/changmingxie/tcc-transaction,5776,2015-12-05T04:27:53Z,8
Discovery,https://github.com/Nepxion/Discovery,5774,2018-06-21T16:16:49Z,132
circular-progress-button,https://github.com/dmytrodanylyk/circular-progress-button,5757,2014-06-07T12:58:48Z,3
strimzi-kafka-operator,https://github.com/strimzi/strimzi-kafka-operator,5752,2016-05-06T08:52:33Z,170
sensitive-word,https://github.com/houbb/sensitive-word,5751,2020-01-07T03:10:44Z,2
janusgraph,https://github.com/JanusGraph/janusgraph,5747,2016-12-26T13:26:29Z,28
FastHub,https://github.com/k0shk0sh/FastHub,5736,2017-02-18T17:53:16Z,63
lamp-cloud,https://github.com/dromara/lamp-cloud,5732,2018-01-17T02:51:04Z,0
MusicBot,https://github.com/jagrosh/MusicBot,5730,2016-08-14T18:46:29Z,38
lettuce,https://github.com/redis/lettuce,5728,2014-05-10T13:08:46Z,146
spring-boot-projects,https://github.com/ZHENFENG13/spring-boot-projects,5721,2017-04-01T01:50:14Z,0
SwipeRecyclerView,https://github.com/yanzhenjie/SwipeRecyclerView,5718,2016-08-03T15:43:34Z,0
library,https://github.com/ddd-by-examples/library,5711,2019-01-11T09:14:03Z,0
aurora-imui,https://github.com/jpush/aurora-imui,5708,2016-12-13T05:24:01Z,42
InfiniteCycleViewPager,https://github.com/Devlight/InfiniteCycleViewPager,5703,2016-08-22T08:04:39Z,2
novel,https://github.com/201206030/novel,5676,2019-11-11T01:13:52Z,12
react-native-splash-screen,https://github.com/crazycodeboy/react-native-splash-screen,5667,2016-09-14T10:43:55Z,12
springside4,https://github.com/springside/springside4,5666,2012-02-23T08:39:03Z,3
EdXposed,https://github.com/ElderDrivers/EdXposed,5664,2019-01-18T16:18:19Z,27
u2020,https://github.com/JakeWharton/u2020,5662,2013-11-14T11:58:23Z,0
Blurry,https://github.com/wasabeef/Blurry,5660,2015-07-23T14:12:08Z,0
HTextView,https://github.com/hanks-zyh/HTextView,5657,2015-12-19T16:34:59Z,0
typespec,https://github.com/microsoft/typespec,5646,2021-06-30T23:29:49Z,453
AndroidImageSlider,https://github.com/daimajia/AndroidImageSlider,5620,2014-06-02T06:04:17Z,5
OsmAnd,https://github.com/osmandapp/OsmAnd,5607,2011-01-15T19:59:44Z,1
Android-ZBLibrary,https://github.com/TommyLemon/Android-ZBLibrary,5607,2015-08-20T16:03:53Z,25
FlowLayout,https://github.com/hongyangAndroid/FlowLayout,5587,2015-08-28T09:32:31Z,0
hbase,https://github.com/apache/hbase,5581,2014-05-23T07:00:07Z,50
uid-generator,https://github.com/baidu/uid-generator,5581,2017-03-27T04:03:43Z,0
jetcache,https://github.com/alibaba/jetcache,5572,2017-04-12T07:48:23Z,67
Digital,https://github.com/hneemann/Digital,5563,2016-06-28T17:40:16Z,35
ShowcaseView,https://github.com/amlcurran/ShowcaseView,5562,2012-08-14T19:07:36Z,13
usb-serial-for-android,https://github.com/mik3y/usb-serial-for-android,5562,2013-06-30T23:17:45Z,34
QLExpress,https://github.com/alibaba/QLExpress,5552,2017-03-15T08:39:54Z,25
AutoJs6,https://github.com/SuperMonster003/AutoJs6,5546,2021-12-01T05:27:22Z,21
ListViewAnimations,https://github.com/nhaarman/ListViewAnimations,5539,2013-03-19T11:59:23Z,14
disconf,https://github.com/knightliao/disconf,5533,2014-05-30T09:39:27Z,12
AndroidVideoCache,https://github.com/danikula/AndroidVideoCache,5516,2015-04-01T11:25:52Z,20
MagicCamera,https://github.com/wuhaoyu1990/MagicCamera,5515,2016-01-08T11:36:56Z,0
sodium,https://github.com/CaffeineMC/sodium,5512,2020-02-01T03:04:09Z,40
QAuxiliary,https://github.com/cinit/QAuxiliary,5500,2022-01-29T06:12:36Z,49
jpexs-decompiler,https://github.com/jindrapetrik/jpexs-decompiler,5489,2014-05-10T17:20:56Z,180
Geyser,https://github.com/GeyserMC/Geyser,5485,2019-07-08T17:23:17Z,0
StickyListHeaders,https://github.com/emilsjolander/StickyListHeaders,5482,2012-03-11T18:29:18Z,16
FastBle,https://github.com/Jasonchenlijian/FastBle,5476,2016-08-23T02:06:33Z,9
wechat,https://github.com/motianhuo/wechat,5469,2015-05-25T02:33:37Z,0
scribejava,https://github.com/scribejava/scribejava,5469,2010-09-05T19:11:40Z,9
freeline,https://github.com/alibaba/freeline,5464,2016-08-03T17:22:52Z,22
TapTargetView,https://github.com/KeepSafe/TapTargetView,5462,2016-09-11T09:07:36Z,24
liquibase,https://github.com/liquibase/liquibase,5462,2011-07-08T20:08:20Z,107
mosby,https://github.com/sockeqwe/mosby,5460,2015-03-25T00:59:19Z,15
barcodescanner,https://github.com/dm77/barcodescanner,5444,2014-02-24T21:14:09Z,6
groovy,https://github.com/apache/groovy,5438,2015-04-16T07:00:05Z,0
Telegram-X,https://github.com/TGX-Android/Telegram-X,5437,2021-08-17T17:09:25Z,6
TelegramBots,https://github.com/rubenlagus/TelegramBots,5426,2016-01-14T00:13:07Z,113
spring-data-examples,https://github.com/spring-projects/spring-data-examples,5415,2014-01-30T15:42:43Z,0
socket.io-client-java,https://github.com/socketio/socket.io-client-java,5413,2013-04-28T17:04:05Z,7
rebound,https://github.com/facebookarchive/rebound,5405,2013-10-11T01:12:37Z,10
megabasterd,https://github.com/tonikelope/megabasterd,5404,2016-09-29T16:54:54Z,208
dubbo-spring-boot-project,https://github.com/apache/dubbo-spring-boot-project,5397,2018-01-18T12:10:50Z,13
thumbnailator,https://github.com/coobird/thumbnailator,5397,2015-07-25T05:38:33Z,0
killbill,https://github.com/killbill/killbill,5391,2012-10-21T20:55:05Z,151
web3j,https://github.com/LFDT-web3j/web3j,5384,2016-09-04T05:48:49Z,121
spotless,https://github.com/diffplug/spotless,5380,2015-04-27T19:10:58Z,52
shimmer-android,https://github.com/facebookarchive/shimmer-android,5364,2015-02-27T22:25:22Z,5
android-job,https://github.com/Evernote/android-job,5362,2015-08-20T19:36:54Z,31
pmd,https://github.com/pmd/pmd,5357,2012-07-11T18:03:00Z,113
android-advancedrecyclerview,https://github.com/h6ah4i/android-advancedrecyclerview,5339,2015-01-24T16:14:39Z,1
cw-omnibus,https://github.com/commonsguy/cw-omnibus,5337,2012-03-12T14:12:06Z,36
picocli,https://github.com/remkop/picocli,5335,2017-02-01T16:38:41Z,86
SystemBarTint,https://github.com/jgilfelt/SystemBarTint,5334,2013-11-17T12:35:05Z,3
runelite,https://github.com/runelite/runelite,5331,2016-04-30T20:48:02Z,0
markor,https://github.com/gsantner/markor,5323,2017-08-26T00:08:35Z,81
google-authenticator,https://github.com/google/google-authenticator,5322,2014-10-08T17:54:27Z,0
XRecyclerView,https://github.com/XRecyclerView/XRecyclerView,5322,2015-11-18T08:14:22Z,0
allure2,https://github.com/allure-framework/allure2,5320,2016-05-27T14:06:05Z,84
generator,https://github.com/mybatis/generator,5318,2013-02-10T11:14:50Z,11
db-tutorial,https://github.com/dunwu/db-tutorial,5318,2017-08-08T06:33:38Z,0
DKVideoPlayer,https://github.com/Doikki/DKVideoPlayer,5308,2017-04-11T01:33:38Z,32
lwjgl3,https://github.com/LWJGL/lwjgl3,5305,2012-12-23T15:40:04Z,23
Android-Touch-Helper,https://github.com/zfdang/Android-Touch-Helper,5292,2020-10-16T00:58:41Z,113
JustTrustMe,https://github.com/Fuzion24/JustTrustMe,5289,2014-07-24T23:45:05Z,1
gradle-retrolambda,https://github.com/evant/gradle-retrolambda,5283,2013-08-05T02:09:58Z,37
Infinity-For-Reddit,https://github.com/Docile-Alligator/Infinity-For-Reddit,5270,2018-07-26T15:02:51Z,196
VitamioBundle,https://github.com/yixia/VitamioBundle,5269,2012-10-19T08:40:49Z,0
android-lifecycle,https://github.com/xxv/android-lifecycle,5266,2014-04-18T14:26:22Z,0
dddsample-core,https://github.com/citerus/dddsample-core,5264,2015-01-31T23:21:37Z,0
springboot-guide,https://github.com/CodingDocs/springboot-guide,5263,2018-11-28T01:05:07Z,0
okdownload,https://github.com/lingochamp/okdownload,5258,2017-12-17T08:21:22Z,8
BasePopup,https://github.com/razerdp/BasePopup,5257,2016-01-15T03:31:07Z,15
titan,https://github.com/thinkaurelius/titan,5237,2012-02-25T22:53:53Z,0
easy-rules,https://github.com/j-easy/easy-rules,5236,2013-03-10T14:38:26Z,10
Side-Menu.Android,https://github.com/Yalantis/Side-Menu.Android,5234,2015-01-13T11:11:27Z,2
midjourney-proxy,https://github.com/novicezk/midjourney-proxy,5233,2023-04-24T13:43:45Z,0
smartTable,https://github.com/huangyanbin/smartTable,5231,2017-11-08T01:11:14Z,44
Android-IMSI-Catcher-Detector,https://github.com/CellularPrivacy/Android-IMSI-Catcher-Detector,5223,2013-11-23T10:04:14Z,48
twoway-view,https://github.com/lucasr/twoway-view,5218,2013-01-18T20:55:23Z,0
bitcoinj,https://github.com/bitcoinj/bitcoinj,5212,2013-11-19T04:33:23Z,14
reactor-core,https://github.com/reactor/reactor-core,5211,2015-11-10T10:06:40Z,224
Dexter,https://github.com/Karumi/Dexter,5208,2015-11-17T13:14:43Z,33
oshi,https://github.com/oshi/oshi,5197,2012-02-10T12:46:48Z,170
YCSB,https://github.com/brianfrankcooper/YCSB,5197,2010-04-19T20:52:11Z,55
JS-Sorting-Algorithm,https://github.com/hustcc/JS-Sorting-Algorithm,5194,2017-01-19T11:36:21Z,0
shopping-management-system,https://github.com/zhanglei-workspace/shopping-management-system,5190,2015-11-16T12:53:21Z,0
FloatingActionButton,https://github.com/Clans/FloatingActionButton,5187,2015-03-21T12:36:16Z,14
xpay,https://github.com/Exrick/xpay,5181,2017-12-12T16:11:19Z,0
views-widgets-samples,https://github.com/android/views-widgets-samples,5181,2019-09-06T21:39:12Z,0
aviatorscript,https://github.com/killme2008/aviatorscript,5177,2011-03-29T12:48:47Z,52
dynamic-datasource,https://github.com/baomidou/dynamic-datasource,5153,2018-04-28T02:32:16Z,19
ctci,https://github.com/careercup/ctci,5145,2013-03-21T23:01:01Z,0
otto,https://github.com/square/otto,5135,2012-06-27T19:06:49Z,0
CameraView,https://github.com/natario1/CameraView,5127,2017-07-18T09:30:33Z,42
Luyten,https://github.com/deathmarine/Luyten,5117,2013-07-11T10:57:28Z,17
wgcloud,https://github.com/tianshiyeben/wgcloud,5114,2019-01-15T02:02:21Z,31
calcite,https://github.com/apache/calcite,5103,2014-06-25T07:00:07Z,0
DesignPattern,https://github.com/youlookwhat/DesignPattern,5100,2016-10-21T10:59:32Z,0
armeria,https://github.com/line/armeria,5084,2015-11-16T04:04:01Z,269
spring-authorization-server,https://github.com/spring-projects/spring-authorization-server,5083,2020-03-17T17:28:57Z,85
sofa-boot,https://github.com/sofastack/sofa-boot,5078,2018-04-02T08:28:14Z,83
XUI,https://github.com/xuexiangjys/XUI,5073,2019-01-07T07:59:02Z,23
bisq,https://github.com/bisq-network/bisq,5068,2014-03-12T09:42:29Z,143
opentsdb,https://github.com/OpenTSDB/opentsdb,5064,2010-08-27T02:05:20Z,27
ignite,https://github.com/apache/ignite,5059,2015-02-19T08:00:05Z,0
poi-tl,https://github.com/Sayi/poi-tl,5050,2015-03-20T06:47:52Z,14
Small,https://github.com/wequick/Small,5042,2015-11-27T11:37:20Z,25
Chronos,https://github.com/Kodezi/Chronos,5041,2025-07-21T07:34:10Z,0
gpmall,https://github.com/2227324689/gpmall,5039,2019-07-18T14:09:22Z,0
mapdb,https://github.com/jankotek/mapdb,5036,2012-08-17T15:28:54Z,0
spring-boot-best-practice,https://github.com/javastacks/spring-boot-best-practice,5035,2018-11-09T06:23:18Z,1
android-common,https://github.com/Trinea/android-common,5023,2012-06-19T07:49:46Z,1
android-zxingLibrary,https://github.com/yipianfengye/android-zxingLibrary,5018,2016-07-26T08:00:18Z,0
CloudReader,https://github.com/youlookwhat/CloudReader,5008,2016-11-20T11:59:25Z,26
maven,https://github.com/apache/maven,5001,2009-05-21T03:22:03Z,30
GravitySnapHelper,https://github.com/rubensousa/GravitySnapHelper,5000,2016-08-31T07:25:23Z,15
ruoyi-ai,https://github.com/ageerle/ruoyi-ai,4990,2024-01-16T04:16:41Z,6
joda-time,https://github.com/JodaOrg/joda-time,4989,2011-05-16T16:49:57Z,51
LayoutManagerGroup,https://github.com/DingMouRen/LayoutManagerGroup,4988,2018-04-28T11:47:38Z,0
spring-mvc-showcase,https://github.com/spring-attic/spring-mvc-showcase,4985,2011-06-03T15:36:55Z,0
rstudio,https://github.com/rstudio/rstudio,4976,2010-12-07T19:10:25Z,0
dialogplus,https://github.com/orhanobut/dialogplus,4975,2014-12-12T09:24:44Z,9
UltraViewPager,https://github.com/alibaba/UltraViewPager,4966,2017-03-29T13:31:53Z,10
spring-cloud-netflix,https://github.com/spring-cloud/spring-cloud-netflix,4963,2014-07-11T15:46:12Z,30
roncoo-pay,https://github.com/roncoo/roncoo-pay,4963,2016-07-21T02:46:06Z,0
querydsl,https://github.com/querydsl/querydsl,4960,2011-08-05T06:46:32Z,35
InstaMaterial,https://github.com/frogermcs/InstaMaterial,4954,2014-11-10T18:56:49Z,1
react-native-config,https://github.com/react-native-config/react-native-config,4954,2016-02-23T00:19:11Z,33
react-native-webrtc,https://github.com/react-native-webrtc/react-native-webrtc,4950,2015-09-27T10:57:30Z,82
orientdb,https://github.com/orientechnologies/orientdb,4943,2012-12-09T20:33:47Z,231
NavigationTabBar,https://github.com/Devlight/NavigationTabBar,4935,2016-03-29T08:59:27Z,13
RxJava2-Android-Samples,https://github.com/amitshekhariitbhu/RxJava2-Android-Samples,4926,2016-08-27T08:21:37Z,0
java-faker,https://github.com/DiUS/java-faker,4925,2011-06-06T01:01:21Z,0
HeliBoard,https://github.com/HeliBorg/HeliBoard,4923,2022-03-09T08:38:32Z,62
RippleEffect,https://github.com/traex/RippleEffect,4904,2014-10-14T13:32:51Z,0
small-spring,https://github.com/fuzhengwei/small-spring,4899,2021-05-15T06:07:28Z,0
cglib,https://github.com/cglib/cglib,4895,2014-03-29T13:48:30Z,15
ipscan,https://github.com/angryip/ipscan,4895,2011-06-28T20:58:48Z,32
folding-cell-android,https://github.com/Ramotion/folding-cell-android,4894,2016-04-01T11:38:47Z,0
Awesome-POC,https://github.com/Threekiii/Awesome-POC,4885,2022-02-20T06:43:22Z,2
reactive-streams-jvm,https://github.com/reactive-streams/reactive-streams-jvm,4872,2014-02-28T13:16:15Z,0
unidbg,https://github.com/zhkl0228/unidbg,4867,2019-02-26T09:32:15Z,16
mockserver,https://github.com/mock-server/mockserver,4860,2013-02-26T06:09:52Z,0
spring-cloud-gateway,https://github.com/spring-cloud/spring-cloud-gateway,4842,2016-11-16T21:42:51Z,45
micrometer,https://github.com/micrometer-metrics/micrometer,4833,2017-04-10T21:36:51Z,291
packer-ng-plugin,https://github.com/mcxiaoke/packer-ng-plugin,4814,2015-11-24T04:08:08Z,1
Transitions-Everywhere,https://github.com/andkulikov/Transitions-Everywhere,4798,2014-10-15T03:37:03Z,23
djl,https://github.com/deepjavalibrary/djl,4794,2019-10-29T22:38:54Z,38
lucida,https://github.com/claritylab/lucida,4790,2014-05-13T17:12:49Z,0
opengrok,https://github.com/oracle/opengrok,4785,2013-01-07T11:49:18Z,302
mybatis,https://github.com/tuguangquan/mybatis,4776,2014-11-03T04:51:06Z,0
reflections,https://github.com/ronmamo/reflections,4774,2013-04-16T16:19:26Z,3
AndroidStaggeredGrid,https://github.com/etsy/AndroidStaggeredGrid,4771,2013-12-09T19:43:45Z,7
supersonic,https://github.com/tencentmusic/supersonic,4764,2023-06-12T07:23:28Z,15
openai-java,https://github.com/TheoKanning/openai-java,4763,2020-09-15T02:58:52Z,22
blog_demos,https://github.com/zq2599/blog_demos,4759,2017-04-09T04:51:56Z,0
Android-ConvenientBanner,https://github.com/saiwu-bigkoo/Android-ConvenientBanner,4757,2014-12-23T06:12:33Z,0
dynamic-tp,https://github.com/dromara/dynamic-tp,4753,2022-01-07T16:35:27Z,19
android-tips-tricks,https://github.com/nisrulz/android-tips-tricks,4752,2016-08-25T20:27:33Z,0
microservices-platform,https://github.com/zlt2000/microservices-platform,4749,2019-03-07T07:13:37Z,30
SwitchButton,https://github.com/kyleduo/SwitchButton,4746,2014-09-09T07:20:43Z,0
grobid,https://github.com/grobidOrg/grobid,4740,2012-09-13T15:48:54Z,22
baseAdapter,https://github.com/hongyangAndroid/baseAdapter,4732,2015-08-03T02:55:51Z,0
ForestBlog,https://github.com/saysky/ForestBlog,4721,2017-10-08T15:27:47Z,0
JSON-java,https://github.com/stleary/JSON-java,4717,2010-12-21T17:46:09Z,25
cameraview,https://github.com/google/cameraview,4713,2016-08-04T05:22:14Z,0
spring-security-oauth,https://github.com/spring-attic/spring-security-oauth,4700,2011-07-26T18:08:49Z,0
libsvm,https://github.com/cjlin1/libsvm,4696,2013-09-10T14:32:07Z,0
Spring-Boot-In-Action,https://github.com/hansonwang99/Spring-Boot-In-Action,4695,2019-01-28T12:56:51Z,0
esProc,https://github.com/SPLWare/esProc,4692,2021-11-09T15:41:25Z,0
GDA-android-reversing-Tool,https://github.com/charles2gan/GDA-android-reversing-Tool,4691,2017-10-31T08:18:29Z,40
ActiveAndroid,https://github.com/pardom-zz/ActiveAndroid,4688,2012-11-15T18:10:45Z,0
javacpp,https://github.com/bytedeco/javacpp,4687,2014-04-21T12:47:21Z,14
chuck,https://github.com/jgilfelt/chuck,4686,2017-02-07T23:51:39Z,5
--,https://github.com/981011512/--,4684,2020-06-18T22:47:21Z,0
oblivion,https://github.com/bepass-org/oblivion,4682,2024-02-08T05:50:09Z,12
SpringBoot-Shiro-Vue,https://github.com/Heeexy/SpringBoot-Shiro-Vue,4678,2017-11-17T18:49:06Z,0
AndroRAT,https://github.com/karma9874/AndroRAT,4667,2020-03-22T09:31:28Z,0
Ant-Media-Server,https://github.com/ant-media/Ant-Media-Server,4653,2017-03-01T08:21:13Z,68
AndroidHttpCapture,https://github.com/JZ-Darkal/AndroidHttpCapture,4650,2016-10-15T19:48:00Z,1
JDA,https://github.com/discord-jda/JDA,4650,2015-12-12T13:57:32Z,121
MaterialDateTimePicker,https://github.com/wdullaer/MaterialDateTimePicker,4642,2015-01-03T19:41:03Z,54
WePush,https://github.com/rememberber/WePush,4640,2017-06-23T09:03:36Z,58
simplify,https://github.com/CalebFenton/simplify,4638,2014-01-16T05:14:02Z,9
GCViewer,https://github.com/chewiebug/GCViewer,4634,2011-10-23T09:01:04Z,5
PageIndicatorView,https://github.com/romandanylyk/PageIndicatorView,4633,2016-08-20T19:25:32Z,14
cardslib,https://github.com/gabrielemariotti/cardslib,4632,2013-09-20T21:57:19Z,27
MallChat,https://github.com/zongzibinbin/MallChat,4631,2023-03-16T15:04:35Z,0
crawler4j,https://github.com/yasserg/crawler4j,4627,2011-12-31T22:49:18Z,3
aurora,https://github.com/linhaojun857/aurora,4625,2022-08-19T13:39:16Z,0
concurrent,https://github.com/RedSpider1/concurrent,4621,2018-11-03T13:49:36Z,0
h2database,https://github.com/h2database/h2database,4619,2015-04-10T19:09:09Z,24
ribbon,https://github.com/Netflix/ribbon,4617,2013-01-15T01:08:04Z,41
rocketmq-externals,https://github.com/apache/rocketmq-externals,4615,2017-03-14T07:00:06Z,0
BilibiliDown,https://github.com/nICEnnnnnnnLee/BilibiliDown,4604,2019-01-23T06:56:46Z,81
objectbox-java,https://github.com/objectbox/objectbox-java,4599,2017-01-24T10:29:48Z,53
JAViewer,https://github.com/SplashCodes/JAViewer,4591,2016-05-21T08:47:10Z,10
AndroidTutorialForBeginners,https://github.com/hussien89aa/AndroidTutorialForBeginners,4585,2016-09-26T16:36:28Z,0
quasar,https://github.com/puniverse/quasar,4565,2013-03-27T14:51:24Z,18
SimplifyReader,https://github.com/chentao0707/SimplifyReader,4559,2015-08-17T08:22:53Z,0
Douya,https://github.com/zhanghai/Douya,4558,2016-02-01T13:44:19Z,11
HyperCeiler,https://github.com/ReChronoRain/HyperCeiler,4554,2023-10-27T17:17:42Z,9
JGrowing,https://github.com/javagrowing/JGrowing,4552,2019-02-26T01:55:08Z,0
epic,https://github.com/tiann/epic,4543,2017-05-22T02:52:44Z,5
go-lang-idea-plugin,https://github.com/go-lang-plugin-org/go-lang-idea-plugin,4540,2010-08-29T08:20:01Z,21
Depth-LIB-Android-,https://github.com/danielzeller/Depth-LIB-Android-,4540,2016-04-27T09:37:28Z,0
sqlbrite,https://github.com/square/sqlbrite,4537,2015-02-19T04:38:37Z,9
android-crop,https://github.com/jdamcd/android-crop,4535,2014-03-13T10:24:43Z,6
java-algorithms-implementation,https://github.com/phishman3579/java-algorithms-implementation,4532,2013-11-20T03:30:19Z,0
novel-plus,https://github.com/201206030/novel-plus,4518,2020-05-02T07:15:43Z,36
dexposed,https://github.com/alibaba/dexposed,4518,2015-06-30T02:59:16Z,0
jacoco,https://github.com/jacoco/jacoco,4517,2012-07-08T21:45:13Z,50
IoT-Technical-Guide,https://github.com/IoT-Technology/IoT-Technical-Guide,4516,2019-04-02T01:52:44Z,0
azkaban,https://github.com/azkaban/azkaban,4515,2012-10-18T01:34:53Z,48
SmoothProgressBar,https://github.com/castorflex/SmoothProgressBar,4515,2013-11-27T20:32:16Z,9
bottomsheet,https://github.com/Flipboard/bottomsheet,4506,2015-04-23T17:37:32Z,10
Gadgetbridge,https://github.com/Freeyourgadget/Gadgetbridge,4487,2015-01-05T23:19:03Z,0
bilibili-android-client,https://github.com/HotBitmapGG/bilibili-android-client,4486,2016-06-01T04:36:01Z,1
flink-recommandSystem-demo,https://github.com/water8394/flink-recommandSystem-demo,4473,2019-05-15T07:55:35Z,0
NineOldAndroids,https://github.com/JakeWharton/NineOldAndroids,4472,2011-12-08T19:46:37Z,0
Robust,https://github.com/Meituan-Dianping/Robust,4468,2017-03-14T10:14:50Z,13
java-developer-roadmap,https://github.com/s4kibs4mi/java-developer-roadmap,4454,2019-04-23T06:42:13Z,0
flutter-webrtc,https://github.com/flutter-webrtc/flutter-webrtc,4452,2018-03-07T02:26:03Z,138
shiro,https://github.com/apache/shiro,4439,2009-08-29T08:00:17Z,17
android-mvp-architecture,https://github.com/janishar/android-mvp-architecture,4432,2017-01-27T08:39:06Z,0
moco,https://github.com/dreamhead/moco,4431,2012-10-18T09:09:51Z,1
android-times-square,https://github.com/square/android-times-square,4427,2013-01-30T20:28:27Z,0
GT,https://github.com/Tencent/GT,4415,2016-01-13T10:29:55Z,3
OpenHub,https://github.com/ThirtyDegreesRay/OpenHub,4397,2017-07-11T13:29:51Z,31
guide-rpc-framework,https://github.com/Snailclimb/guide-rpc-framework,4396,2020-05-10T13:24:42Z,0
ticker,https://github.com/robinhood/ticker,4383,2016-07-15T21:37:52Z,9
crate,https://github.com/crate/crate,4375,2013-04-10T09:17:16Z,157
mcaselector,https://github.com/Querz/mcaselector,4365,2018-04-22T22:23:26Z,75
serve,https://github.com/pytorch/serve,4360,2019-10-03T03:17:43Z,24
leet-code,https://github.com/awangdev/leet-code,4358,2015-04-25T19:14:09Z,0
BottomNavigation,https://github.com/Ashok-Varma/BottomNavigation,4358,2016-03-19T19:19:30Z,16
frontend-maven-plugin,https://github.com/eirslett/frontend-maven-plugin,4350,2013-08-30T14:44:38Z,0
signal-cli,https://github.com/AsamK/signal-cli,4343,2015-05-11T10:49:42Z,110
LSPosed_mod,https://github.com/mywalkb/LSPosed_mod,4341,2022-03-28T08:05:38Z,10
cyberduck,https://github.com/iterate-ch/cyberduck,4339,2017-01-20T14:16:34Z,0
folib,https://github.com/BoCloud/folib,4325,2025-07-09T06:22:58Z,1
dragonwell8,https://github.com/dragonwell-project/dragonwell8,4321,2019-03-07T02:57:45Z,46
zotfile,https://github.com/jlegewie/zotfile,4320,2011-12-30T14:47:42Z,33
jitsi,https://github.com/jitsi/jitsi,4319,2013-04-24T17:37:20Z,7
ImagePicker,https://github.com/jeasonlzy/ImagePicker,4311,2016-01-27T17:05:03Z,5
open-location-code,https://github.com/google/open-location-code,4309,2014-09-30T18:26:35Z,5
failsafe,https://github.com/failsafe-lib/failsafe,4307,2015-06-30T00:56:39Z,0
pdfsam,https://github.com/torakiki/pdfsam,4306,2013-09-24T11:06:13Z,70
BGARefreshLayout-Android,https://github.com/bingoogolapple/BGARefreshLayout-Android,4304,2015-05-28T16:17:00Z,4
geoserver,https://github.com/geoserver/geoserver,4303,2011-11-10T19:56:06Z,69
streampark,https://github.com/apache/streampark,4301,2019-05-27T05:56:03Z,17
jabref,https://github.com/JabRef/jabref,4296,2014-03-11T14:48:42Z,48
java-learning,https://github.com/brianway/java-learning,4290,2016-02-09T05:20:58Z,0
fory,https://github.com/apache/fory,4287,2023-04-28T03:57:00Z,65
fastjson2,https://github.com/alibaba/fastjson2,4281,2022-04-17T04:27:24Z,61
InternetArchitect,https://github.com/bjmashibing/InternetArchitect,4281,2019-10-19T16:32:01Z,0
android-volley,https://github.com/mcxiaoke/android-volley,4272,2013-05-21T05:35:26Z,0
camunda-bpm-platform,https://github.com/camunda/camunda-bpm-platform,4268,2013-01-03T10:10:31Z,0
CircleIndicator,https://github.com/ongakuer/CircleIndicator,4266,2014-07-30T14:02:56Z,7
android-autofittextview,https://github.com/grantland/android-autofittextview,4263,2011-02-14T06:00:52Z,1
coursera-android,https://github.com/aporter/coursera-android,4256,2014-01-05T09:55:31Z,0
FairEmail,https://github.com/M66B/FairEmail,4255,2018-08-02T13:30:25Z,1000
malmo,https://github.com/microsoft/malmo,4253,2016-05-17T14:58:40Z,21
spring-boot-starter,https://github.com/mybatis/spring-boot-starter,4249,2015-09-25T13:05:15Z,34
hmily,https://github.com/dromara/hmily,4248,2017-09-28T06:29:01Z,0
dolby_beta,https://github.com/nining377/dolby_beta,4247,2020-05-19T12:13:36Z,37
maxwell,https://github.com/zendesk/maxwell,4240,2015-02-09T22:06:13Z,214
javassist,https://github.com/jboss-javassist/javassist,4230,2013-05-24T08:31:32Z,24
OpenPDF,https://github.com/LibrePDF/OpenPDF,4217,2016-07-11T15:50:34Z,87
fernflower,https://github.com/JetBrains/fernflower,4214,2014-10-03T05:00:15Z,0
ShineButton,https://github.com/ChadCSong/ShineButton,4202,2016-07-05T06:32:26Z,2
aws-sdk-java,https://github.com/aws/aws-sdk-java,4198,2010-03-22T23:34:58Z,0
FloatWindow,https://github.com/yhaolpz/FloatWindow,4198,2017-11-14T14:33:55Z,9
powermock,https://github.com/powermock/powermock,4187,2014-05-28T07:53:53Z,16
JKeyboardPanelSwitch,https://github.com/Jacksgong/JKeyboardPanelSwitch,4184,2015-07-01T17:42:01Z,14
syncthing-android,https://github.com/syncthing/syncthing-android,4183,2014-02-22T17:15:19Z,332
CoordinatorTabLayout,https://github.com/hugeterry/CoordinatorTabLayout,4183,2017-01-27T13:40:28Z,0
campus-imaotai,https://github.com/oddfar/campus-imaotai,4183,2023-07-07T10:37:13Z,11
tx-lcn,https://github.com/codingapi/tx-lcn,4182,2017-11-11T03:34:34Z,14
jmonkeyengine,https://github.com/jMonkeyEngine/jmonkeyengine,4175,2014-03-20T22:29:28Z,82
jshERP,https://github.com/jishenghua/jshERP,4172,2016-09-20T04:51:39Z,6
BGABanner-Android,https://github.com/bingoogolapple/BGABanner-Android,4167,2014-10-25T17:15:18Z,0
mlkit,https://github.com/googlesamples/mlkit,4164,2020-05-28T21:40:38Z,1
AndroidWiFiADB,https://github.com/pedrovgs/AndroidWiFiADB,4158,2015-10-18T21:58:45Z,8
lilishop,https://github.com/lilishop/lilishop,4138,2021-05-14T01:28:51Z,3
FlatLaf,https://github.com/JFormDesigner/FlatLaf,4130,2019-08-19T10:27:05Z,90
SmartCropper,https://github.com/pqpo/SmartCropper,4126,2017-08-03T11:08:41Z,13
ShedLock,https://github.com/lukas-krecan/ShedLock,4121,2016-12-11T13:53:59Z,0
HaE,https://github.com/gh0stkey/HaE,4118,2020-03-24T10:12:50Z,86
bitcoin-wallet,https://github.com/bitcoin-wallet/bitcoin-wallet,4113,2012-03-31T17:06:47Z,0
LoadingDrawable,https://github.com/dinuscxj/LoadingDrawable,4106,2016-04-16T07:33:57Z,0
chunjun,https://github.com/DTStack/chunjun,4105,2018-04-03T12:44:58Z,31
Tangram-Android,https://github.com/alibaba/Tangram-Android,4103,2017-03-29T13:29:57Z,38
tiny-spring,https://github.com/code4craft/tiny-spring,4089,2014-01-10T16:37:57Z,0
bistoury,https://github.com/qunarcorp/bistoury,4087,2019-08-01T07:54:25Z,8
ExpandableTextView,https://github.com/Manabu-GT/ExpandableTextView,4077,2014-05-17T19:40:15Z,4
jodd,https://github.com/oblac/jodd,4074,2012-09-07T20:26:48Z,37
hawk,https://github.com/orhanobut/hawk,4072,2015-02-19T22:25:23Z,22
ViewPagerCards,https://github.com/rubensousa/ViewPagerCards,4069,2016-08-20T15:24:12Z,0
jetty.project,https://github.com/jetty/jetty.project,4066,2011-07-14T01:11:57Z,144
ripme,https://github.com/RipMeApp/ripme,4062,2017-01-06T17:12:09Z,145
camunda,https://github.com/camunda/camunda,4056,2016-03-20T03:38:04Z,564
XChange,https://github.com/knowm/XChange,4050,2012-02-02T10:48:28Z,0
java-tron,https://github.com/tronprotocol/java-tron,4047,2017-12-26T10:20:38Z,82
CC,https://github.com/luckybilly/CC,4046,2017-11-23T16:26:33Z,0
Create,https://github.com/Creators-of-Create/Create,4037,2019-07-18T08:27:10Z,5
NullAway,https://github.com/uber/NullAway,4025,2017-09-01T17:35:57Z,38
freeplane,https://github.com/freeplane/freeplane,4021,2012-09-13T08:55:51Z,56
XCL-Charts,https://github.com/xcltapestry/XCL-Charts,4021,2014-06-09T15:44:50Z,0
greys-anatomy,https://github.com/oldmanpushcart/greys-anatomy,4019,2012-11-21T19:39:35Z,0
Bolts-Android,https://github.com/BoltsFramework/Bolts-Android,4019,2014-01-30T04:58:14Z,11
effective-java-3e-source-code,https://github.com/jbloch/effective-java-3e-source-code,4015,2018-08-03T20:48:35Z,0
awaitility,https://github.com/awaitility/awaitility,4002,2010-01-22T15:12:52Z,0
FloatingActionButton,https://github.com/makovkastar/FloatingActionButton,3998,2014-07-22T13:29:55Z,0
interviewGuide,https://github.com/NotFound9/interviewGuide,3995,2016-04-20T07:17:09Z,0
Phoenix,https://github.com/Yalantis/Phoenix,3991,2015-01-12T14:11:20Z,1
TwinklingRefreshLayout,https://github.com/lcodecorex/TwinklingRefreshLayout,3990,2016-03-02T12:11:56Z,0
LiveEventBus,https://github.com/JeremyLiao/LiveEventBus,3987,2018-07-11T07:36:59Z,0
BigImageViewer,https://github.com/Piasy/BigImageViewer,3987,2016-11-06T09:55:02Z,0
Leetcode,https://github.com/fishercoder1534/Leetcode,3980,2016-07-31T05:28:15Z,0
screw,https://github.com/pingfangushi/screw,3976,2020-06-21T11:37:06Z,0
hello-java,https://github.com/mouredev/hello-java,3973,2025-03-25T11:15:12Z,0
BadgeView,https://github.com/qstumn/BadgeView,3972,2017-02-08T02:01:39Z,5
tech-weekly,https://github.com/mercyblitz/tech-weekly,3971,2018-12-03T03:10:52Z,0
XposedInstaller,https://github.com/rovo89/XposedInstaller,3971,2012-04-02T20:33:05Z,0
RichText,https://github.com/zzhoujay/RichText,3963,2015-07-21T09:36:01Z,0
BlurView,https://github.com/Dimezis/BlurView,3963,2016-04-21T16:00:07Z,32
bundletool,https://github.com/google/bundletool,3961,2018-05-04T07:24:09Z,65
leetcode-editor,https://github.com/shuzijun/leetcode-editor,3960,2019-03-19T16:32:17Z,59
GuideView,https://github.com/binIoter/GuideView,3954,2016-06-19T08:52:25Z,0
java,https://github.com/kubernetes-client/java,3954,2017-05-08T21:52:58Z,57
DataMiningAlgorithm,https://github.com/linyiqun/DataMiningAlgorithm,3951,2015-01-11T02:50:28Z,0
TinyPinyin,https://github.com/promeG/TinyPinyin,3938,2015-09-30T03:24:50Z,2
android-iconify,https://github.com/JoanZapata/android-iconify,3932,2013-06-12T11:42:01Z,0
RxJavaSamples,https://github.com/rengwuxian/RxJavaSamples,3924,2016-03-24T13:08:10Z,3
sofa-rpc,https://github.com/sofastack/sofa-rpc,3922,2018-04-09T03:32:04Z,66
IDDD_Samples,https://github.com/VaughnVernon/IDDD_Samples,3921,2013-04-08T22:12:57Z,0
Launcher3,https://github.com/amirzaidi/Launcher3,3907,2017-05-30T12:53:32Z,22
learning-spark,https://github.com/databricks/learning-spark,3900,2014-06-16T04:47:54Z,0
Conductor,https://github.com/bluelinelabs/Conductor,3900,2016-03-16T18:42:41Z,36
shopizer,https://github.com/shopizer-ecommerce/shopizer,3899,2012-11-21T03:42:39Z,18
BackgroundLibrary,https://github.com/JavaNoober/BackgroundLibrary,3895,2018-09-09T08:52:45Z,13
xboot,https://github.com/Exrick/xboot,3892,2018-04-23T14:44:18Z,6
jstorm,https://github.com/alibaba/jstorm,3885,2013-09-03T03:53:16Z,22
Timeline-View,https://github.com/vipulasri/Timeline-View,3882,2015-12-15T14:55:04Z,15
DSBridge-Android,https://github.com/wendux/DSBridge-Android,3880,2017-01-02T11:58:53Z,2
react-native-share,https://github.com/react-native-share/react-native-share,3877,2015-09-30T02:27:34Z,145
My-Blog,https://github.com/ZHENFENG13/My-Blog,3877,2019-03-04T09:17:00Z,0
Sui,https://github.com/RikkaApps/Sui,3870,2021-01-03T08:26:16Z,21
pixel-dungeon,https://github.com/watabou/pixel-dungeon,3861,2014-07-26T17:34:32Z,0
sticky-headers-recyclerview,https://github.com/timehop/sticky-headers-recyclerview,3856,2014-10-03T01:57:46Z,0
PCAPdroid,https://github.com/emanuele-f/PCAPdroid,3856,2020-01-06T18:11:27Z,68
AndServer,https://github.com/yanzhenjie/AndServer,3855,2016-06-14T00:52:52Z,1
yacy_search_server,https://github.com/yacy/yacy_search_server,3854,2015-03-22T12:54:20Z,0
uncle-novel,https://github.com/uncle-novel/uncle-novel,3846,2018-12-11T12:15:30Z,1
Terasology,https://github.com/MovingBlocks/Terasology,3845,2011-03-04T03:49:19Z,70
RoaringBitmap,https://github.com/RoaringBitmap/RoaringBitmap,3845,2013-06-17T20:29:23Z,46
spotbugs,https://github.com/spotbugs/spotbugs,3843,2016-11-04T22:18:08Z,73
MaterialSearchView,https://github.com/MiguelCatalan/MaterialSearchView,3828,2015-09-14T17:13:46Z,6
ahbottomnavigation,https://github.com/aurelhubert/ahbottomnavigation,3825,2016-03-17T12:17:56Z,14
CircleProgress,https://github.com/happydog-intj/CircleProgress,3816,2014-10-30T16:14:42Z,0
JCTools,https://github.com/JCTools/JCTools,3810,2013-11-10T18:04:40Z,19
sofa-jraft,https://github.com/sofastack/sofa-jraft,3800,2019-03-04T10:13:43Z,32
blossom,https://github.com/blossom-editor/blossom,3795,2023-08-07T03:02:17Z,19
MarqueeView,https://github.com/sunfusheng/MarqueeView,3790,2016-06-01T06:50:46Z,0
SwipeDelMenuLayout,https://github.com/mcxtzhang/SwipeDelMenuLayout,3788,2016-08-25T08:10:45Z,2
NoHttp,https://github.com/yanzhenjie/NoHttp,3786,2015-07-29T06:11:12Z,0
akhq,https://github.com/tchiotludo/akhq,3783,2018-09-09T19:35:39Z,43
learning-note,https://github.com/rbmonster/learning-note,3783,2020-06-15T16:47:25Z,0
BannerViewPager,https://github.com/zhpanvip/BannerViewPager,3778,2017-03-28T09:11:11Z,59
DevOps-Projects,https://github.com/NotHarshhaa/DevOps-Projects,3775,2023-08-09T04:19:38Z,0
mpush,https://github.com/mpusher/mpush,3774,2016-04-28T01:43:19Z,9
kylin,https://github.com/apache/kylin,3766,2015-01-03T08:00:05Z,2
SuperTextView,https://github.com/lygttpod/SuperTextView,3765,2016-10-19T04:06:54Z,39
blurkit-android,https://github.com/CameraKit/blurkit-android,3763,2016-11-06T03:14:58Z,3
CustomActivityOnCrash,https://github.com/Ereza/CustomActivityOnCrash,3762,2014-07-04T19:46:21Z,12
helidon,https://github.com/helidon-io/helidon,3760,2018-08-27T11:03:52Z,139
roboguice,https://github.com/roboguice/roboguice,3744,2012-08-12T20:37:19Z,0
atmosphere,https://github.com/Atmosphere/atmosphere,3744,2010-06-30T14:26:23Z,23
tablesaw,https://github.com/jtablesaw/tablesaw,3744,2016-01-01T14:58:28Z,84
undertow,https://github.com/undertow-io/undertow,3743,2012-07-19T00:52:44Z,18
FoldCraftLauncher,https://github.com/FCL-Team/FoldCraftLauncher,3742,2022-10-19T10:12:18Z,147
maestro,https://github.com/Netflix/maestro,3742,2024-04-17T01:15:56Z,0
portfolio,https://github.com/portfolio-performance/portfolio,3733,2012-03-24T09:43:08Z,264
ShadowLayout,https://github.com/lihangleo2/ShadowLayout,3731,2019-07-09T07:17:06Z,32
andOTP,https://github.com/andOTP/andOTP,3730,2017-07-05T11:39:52Z,38
JavaSourceCodeLearning,https://github.com/coderbruis/JavaSourceCodeLearning,3730,2020-06-02T13:34:20Z,0
Skeleton,https://github.com/ethanhua/Skeleton,3724,2017-07-30T06:42:39Z,0
ChatKit,https://github.com/stfalcon-studio/ChatKit,3722,2017-02-02T09:37:15Z,1
Java,https://github.com/HelloWorld521/Java,3715,2016-12-08T14:01:46Z,0
dinky,https://github.com/DataLinkDC/dinky,3713,2021-06-09T07:11:26Z,32
spruce-android,https://github.com/willowtreeapps/spruce-android,3712,2017-02-23T20:34:18Z,3
Play-with-Algorithms,https://github.com/liuyubobobo/Play-with-Algorithms,3710,2016-07-05T18:16:22Z,0
grpc-spring,https://github.com/grpc-ecosystem/grpc-spring,3706,2016-12-30T09:06:15Z,34
Chronicle-Queue,https://github.com/OpenHFT/Chronicle-Queue,3706,2013-06-02T15:11:33Z,540
ByteLegend,https://github.com/ByteLegend/ByteLegend,3705,2021-02-01T10:11:30Z,0
StylishMusicPlayer,https://github.com/ryanhoo/StylishMusicPlayer,3700,2016-09-13T14:38:32Z,0
liteflow,https://github.com/dromara/liteflow,3697,2020-03-25T16:49:22Z,0
Android-BluetoothKit,https://github.com/dingjikerbo/Android-BluetoothKit,3695,2015-10-08T09:07:33Z,0
jackson-databind,https://github.com/FasterXML/jackson-databind,3694,2011-12-23T07:17:41Z,0
Iris,https://github.com/IrisShaders/Iris,3692,2020-10-22T20:21:12Z,140
dependency-track,https://github.com/DependencyTrack/dependency-track,3690,2013-07-16T19:16:43Z,75
ftgo-application,https://github.com/microservices-patterns/ftgo-application,3690,2017-10-23T04:30:04Z,0
springdoc-openapi,https://github.com/springdoc/springdoc-openapi,3689,2019-07-11T23:08:20Z,103
incubator-heron,https://github.com/apache/incubator-heron,3687,2015-09-25T16:09:24Z,56
smart-admin,https://github.com/1024-lab/smart-admin,3687,2019-11-16T02:30:31Z,24
brigadier,https://github.com/Mojang/brigadier,3680,2014-09-15T08:48:24Z,3
databus,https://github.com/linkedin/databus,3677,2012-12-17T17:49:17Z,0
light-4j,https://github.com/networknt/light-4j,3676,2016-09-09T22:28:14Z,195
Cimoc,https://github.com/Haleydu/Cimoc,3675,2020-07-09T03:09:02Z,61
groupie,https://github.com/lisawray/groupie,3668,2016-09-01T20:59:35Z,28
ASimpleCache,https://github.com/yangfuhai/ASimpleCache,3666,2013-07-28T13:50:59Z,0
marshalsec,https://github.com/mbechler/marshalsec,3665,2017-05-22T11:43:57Z,0
rejoiner,https://github.com/google/rejoiner,3664,2017-12-06T19:09:53Z,3
initializr,https://github.com/spring-io/initializr,3659,2013-06-07T16:02:22Z,19
Linkage-RecyclerView,https://github.com/KunMinX/Linkage-RecyclerView,3659,2019-04-22T04:39:46Z,0
hackpad,https://github.com/dropbox/hackpad,3659,2015-08-14T02:32:17Z,0
android-hidden-api,https://github.com/anggrayudi/android-hidden-api,3658,2015-09-16T11:58:33Z,2
tika,https://github.com/apache/tika,3658,2009-05-21T02:12:11Z,0
libstreaming,https://github.com/fyhertz/libstreaming,3656,2013-01-30T21:24:47Z,0
NewbieGuide,https://github.com/huburt-Hu/NewbieGuide,3645,2017-07-28T06:54:05Z,20
ArchUnit,https://github.com/TNG/ArchUnit,3642,2017-04-21T08:39:20Z,43
kubernetes-client,https://github.com/fabric8io/kubernetes-client,3637,2015-07-09T15:43:13Z,131
android-common,https://github.com/litesuits/android-common,3630,2014-05-29T08:08:00Z,0
spock,https://github.com/spockframework/spock,3625,2010-12-12T19:02:34Z,28
Alink,https://github.com/alibaba/Alink,3620,2018-09-30T06:36:11Z,22
chatgpt-java,https://github.com/PlexPt/chatgpt-java,3619,2022-12-07T04:55:33Z,24
data-transfer-project,https://github.com/dtinit/data-transfer-project,3610,2018-01-04T21:27:57Z,61
emojicon,https://github.com/rockerhieu/emojicon,3608,2014-01-18T12:32:38Z,2
Android,https://github.com/hmkcode/Android,3605,2013-09-02T16:12:28Z,0
island,https://github.com/oasisfeng/island,3603,2016-04-23T11:30:18Z,50
android-maps-utils,https://github.com/googlemaps/android-maps-utils,3602,2013-05-17T00:08:48Z,63
Nekogram,https://github.com/Nekogram/Nekogram,3595,2023-09-10T07:07:51Z,46
termux-api,https://github.com/termux/termux-api,3593,2015-07-03T00:57:59Z,53
android,https://github.com/cSploit/android,3592,2014-10-04T05:53:29Z,33
logging-log4j2,https://github.com/apache/logging-log4j2,3588,2013-06-12T07:00:19Z,17
ExplosionField,https://github.com/tyrantgit/ExplosionField,3585,2015-09-23T11:34:50Z,0
vertx-examples,https://github.com/vert-x3/vertx-examples,3584,2015-02-24T17:42:44Z,0
AppUpdate,https://github.com/WVector/AppUpdate,3582,2017-06-19T09:38:42Z,3
android-stackblur,https://github.com/kikoso/android-stackblur,3582,2013-08-15T14:44:32Z,0
AxonFramework,https://github.com/AxonFramework/AxonFramework,3570,2011-12-02T16:04:42Z,150
FlexibleAdapter,https://github.com/davideas/FlexibleAdapter,3570,2015-05-02T22:00:43Z,31
DropDownMenu,https://github.com/dongjunkun/DropDownMenu,3567,2015-06-23T07:43:56Z,2
MyPerf4J,https://github.com/LinShunKang/MyPerf4J,3565,2018-03-11T09:58:44Z,25
ThreeTenABP,https://github.com/JakeWharton/ThreeTenABP,3558,2015-07-03T17:35:09Z,0
netty-learning,https://github.com/code4craft/netty-learning,3554,2013-09-19T02:24:25Z,0
MagicaSakura,https://github.com/bilibili/MagicaSakura,3552,2016-06-23T07:54:59Z,3
immutables,https://github.com/immutables/immutables,3548,2013-07-07T13:48:23Z,21
RxAndroidBle,https://github.com/dariuszseweryn/RxAndroidBle,3547,2016-02-04T13:42:02Z,60
concurrency-limits,https://github.com/Netflix/concurrency-limits,3546,2017-12-11T19:32:41Z,103
parceler,https://github.com/johncarl81/parceler,3538,2013-07-03T02:53:01Z,0
floatingsearchview,https://github.com/arimorty/floatingsearchview,3534,2015-11-22T02:38:32Z,0
spring-cloud-kubernetes,https://github.com/spring-cloud/spring-cloud-kubernetes,3532,2016-12-13T21:36:25Z,39
NetGuard,https://github.com/M66B/NetGuard,3532,2015-10-24T17:59:20Z,165
proguard,https://github.com/Guardsquare/proguard,3532,2019-03-27T16:35:35Z,36
retrolambda,https://github.com/luontola/retrolambda,3527,2013-07-20T07:25:22Z,0
Music-Player,https://github.com/andremion/Music-Player,3523,2016-05-06T21:55:37Z,2
sndcpy,https://github.com/rom1v/sndcpy,3519,2020-06-09T19:36:57Z,2
JavaEETest,https://github.com/lenve/JavaEETest,3514,2016-12-13T02:13:58Z,0
openj9,https://github.com/eclipse-openj9/openj9,3509,2017-08-25T13:46:07Z,57
12306,https://github.com/nageoffer/12306,3508,2023-05-30T04:08:28Z,0
RecyclerViewPager,https://github.com/lsjwzh/RecyclerViewPager,3506,2015-01-17T18:30:34Z,10
SAI,https://github.com/Aefyr/SAI,3506,2018-12-14T19:22:27Z,45
Store,https://github.com/nytimes/Store,3503,2016-11-29T20:17:11Z,0
SwipeMenuListView,https://github.com/baoyongzhang/SwipeMenuListView,3501,2014-08-24T15:40:45Z,2
GeekNews,https://github.com/codeestX/GeekNews,3500,2016-08-07T14:56:56Z,0
incubator-kie-optaplanner,https://github.com/apache/incubator-kie-optaplanner,3490,2011-02-15T19:38:23Z,6
commafeed,https://github.com/Athou/commafeed,3488,2013-03-20T19:32:09Z,66
LoadSir,https://github.com/KingJA/LoadSir,3486,2017-09-02T08:32:15Z,6
Toaster,https://github.com/getActivity/Toaster,3480,2018-09-16T05:28:57Z,38
migration,https://github.com/phodal/migration,3477,2020-01-08T02:11:38Z,0
BottomNavigationViewEx,https://github.com/ittianyu/BottomNavigationViewEx,3474,2016-11-12T08:39:38Z,19
my-site,https://github.com/WinterChenS/my-site,3474,2018-05-03T09:05:37Z,0
